--
-- PostgreSQL database dump
--

-- Dumped from database version 12.20 (Debian 12.20-1.pgdg110+1)
-- Dumped by pg_dump version 12.20

-- Started on 2024-10-19 15:58:11 UTC
\c identity_service_db

SET statement_timeout = 0;
SET lock_timeout = 0;
SET idle_in_transaction_session_timeout = 0;
SET client_encoding = 'UTF-8';
SET standard_conforming_strings = on;
SELECT pg_catalog.set_config('search_path', '', false);
SET check_function_bodies = false;
SET xmloption = content;
SET client_min_messages = warning;
SET row_security = off;

--
-- TOC entry 2 (class 3079 OID 16393)
-- Name: uuid-ossp; Type: EXTENSION; Schema: -; Owner: -
--

CREATE EXTENSION IF NOT EXISTS "uuid-ossp" WITH SCHEMA public;


--
-- TOC entry 3021 (class 0 OID 0)
-- Dependencies: 2
-- Name: EXTENSION "uuid-ossp"; Type: COMMENT; Schema: -; Owner: 
--

COMMENT ON EXTENSION "uuid-ossp" IS 'generate universally unique identifiers (UUIDs)';


SET default_tablespace = '';

SET default_table_access_method = heap;

--
-- TOC entry 205 (class 1259 OID 16491)
-- Name: account_providers; Type: TABLE; Schema: public; Owner: infinitynetUser
--

CREATE TABLE public.account_providers (
    id uuid NOT NULL,
    type integer NOT NULL,
    account_id uuid NOT NULL,
    created_by uuid,
    created_at timestamp without time zone NOT NULL,
    updated_by uuid,
    updated_at timestamp without time zone,
    deleted_by uuid,
    deleted_at timestamp without time zone,
    is_deleted boolean NOT NULL
);


ALTER TABLE public.account_providers OWNER TO "infinitynetUser";

--
-- TOC entry 204 (class 1259 OID 16486)
-- Name: accounts; Type: TABLE; Schema: public; Owner: infinitynetUser
--

CREATE TABLE public.accounts (
    id uuid NOT NULL,
    default_user_profile_id uuid NOT NULL,
    created_by uuid,
    created_at timestamp without time zone NOT NULL,
    updated_by uuid,
    updated_at timestamp without time zone,
    deleted_by uuid,
    deleted_at timestamp without time zone,
    is_deleted boolean NOT NULL
);


ALTER TABLE public.accounts OWNER TO "infinitynetUser";

--
-- TOC entry 207 (class 1259 OID 16511)
-- Name: facebook_providers; Type: TABLE; Schema: public; Owner: infinitynetUser
--

CREATE TABLE public.facebook_providers (
    id uuid NOT NULL,
    facebook_id uuid NOT NULL
);


ALTER TABLE public.facebook_providers OWNER TO "infinitynetUser";

--
-- TOC entry 208 (class 1259 OID 16521)
-- Name: google_providers; Type: TABLE; Schema: public; Owner: infinitynetUser
--

CREATE TABLE public.google_providers (
    id uuid NOT NULL,
    google_id uuid NOT NULL
);


ALTER TABLE public.google_providers OWNER TO "infinitynetUser";

--
-- TOC entry 209 (class 1259 OID 16531)
-- Name: local_providers; Type: TABLE; Schema: public; Owner: infinitynetUser
--

CREATE TABLE public.local_providers (
    id uuid NOT NULL,
    email character varying(255) NOT NULL,
    password_hash character varying(255)
);


ALTER TABLE public.local_providers OWNER TO "infinitynetUser";

--
-- TOC entry 206 (class 1259 OID 16501)
-- Name: verifications; Type: TABLE; Schema: public; Owner: infinitynetUser
--

CREATE TABLE public.verifications (
    id uuid NOT NULL,
    token character varying(255) NOT NULL,
    code character varying(10),
    expires_at timestamp without time zone NOT NULL,
    account_id uuid NOT NULL,
    created_by uuid,
    created_at timestamp without time zone NOT NULL,
    updated_by uuid,
    updated_at timestamp without time zone,
    deleted_by uuid,
    deleted_at timestamp without time zone,
    is_deleted boolean NOT NULL
);

ALTER TABLE public.verifications OWNER TO "infinitynetUser";

--
-- TOC entry 3011 (class 0 OID 16491)
-- Dependencies: 205
-- Data for Name: account_providers; Type: TABLE DATA; Schema: public; Owner: infinitynetUser
--

COPY public.account_providers (id, type, account_id, created_by, created_at, updated_by, updated_at, deleted_by, deleted_at, is_deleted) FROM stdin;
a396a7ad-5812-4de6-a7ca-22a4e00ac9a1	0	8febcf10-4332-4750-b0e8-3c64c7d204ad	\N	2024-10-19 19:52:13.88145	\N	\N	\N	\N	f
b0ba83b9-27d1-452a-bc30-083824422dad	0	319e8c19-7e11-481a-bb57-c3c239af2209	\N	2024-10-19 19:52:13.996222	\N	\N	\N	\N	f
c3b82353-0e48-473b-8f0f-ff392289b8ac	0	2c230b5e-70ae-4dd0-98ce-503717219fea	\N	2024-10-19 19:52:14.07413	\N	\N	\N	\N	f
ed1b1db9-86e9-44a1-948e-345c3a46e561	0	2e6c3e34-b264-45f0-a9e8-5d3ead7e11ca	\N	2024-10-19 19:52:14.152232	\N	\N	\N	\N	f
1960c166-2096-47f1-ac5d-2dd99091bc53	0	ab6792ec-7e4d-4abf-9c1e-a315d97c422d	\N	2024-10-19 19:52:14.232468	\N	\N	\N	\N	f
e56e0433-b62a-45c3-992a-d2d216d7b7ee	0	120acdc1-8799-412b-8fc8-67addf841f25	\N	2024-10-19 19:52:14.314083	\N	\N	\N	\N	f
b43f3f77-3ab8-4bee-b263-de27bb86b04f	0	f47d785f-5652-45b9-b1ed-9bfddf7807cd	\N	2024-10-19 19:52:14.393334	\N	\N	\N	\N	f
7e92a425-ab59-47e4-b41c-b78e1ad6089a	0	e641ea43-110f-49b7-b5b2-d115bbfd7168	\N	2024-10-19 19:52:14.47385	\N	\N	\N	\N	f
93986e35-174f-462f-8c13-1aaa30d2d199	0	f8c48d9c-5c29-4f8a-8b87-5c79a77b4bce	\N	2024-10-19 19:52:14.552982	\N	\N	\N	\N	f
af0aba58-07e6-4ab8-ae33-df86456b0337	0	f99e97ca-a44a-4433-894f-3af63697fb2f	\N	2024-10-19 19:52:14.63559	\N	\N	\N	\N	f
3a412fcf-dd42-4eed-b2a6-318c5a47ce30	0	716b8355-1851-445e-b5c9-897643adf03a	\N	2024-10-19 19:52:14.717701	\N	\N	\N	\N	f
6bb86ee6-565a-496f-a17b-57d0074fba1f	0	e6fb00e8-a0ee-460c-bb7d-e33e8189a780	\N	2024-10-19 19:52:14.796433	\N	\N	\N	\N	f
8bf9d23c-8eca-44a4-976c-0d53b2f632b2	0	15d219ed-b4eb-46de-9f55-741dd7dcec62	\N	2024-10-19 19:52:14.874182	\N	\N	\N	\N	f
96fabb38-c832-4e0e-8fd5-29b0a0d3092e	0	29198ed7-c2be-46cd-a0ed-36bd6a05efbf	\N	2024-10-19 19:52:14.95056	\N	\N	\N	\N	f
f014cd1a-93ce-41b7-9360-24765dfe38e8	0	f1423b81-e629-47f3-96fd-6fc76e094f58	\N	2024-10-19 19:52:15.028037	\N	\N	\N	\N	f
da02fc89-a27e-4c26-9c58-f5aaf80b50d2	0	67bd2b8c-552a-4227-ab05-604f8f62a655	\N	2024-10-19 19:52:15.106138	\N	\N	\N	\N	f
207771de-49e0-4f09-bc51-9fc7236ce05b	0	d1c01a0d-0e17-4451-9da0-0b4e6579636a	\N	2024-10-19 19:52:15.186157	\N	\N	\N	\N	f
a5c36c28-e9d6-480b-a950-d45083e30820	0	822e7907-b1f2-4062-9070-b8acb5c3b29b	\N	2024-10-19 19:52:15.26682	\N	\N	\N	\N	f
05181444-e348-4eff-b6b2-bd5be47b1902	0	d776b5c6-c7ca-4d5a-9fd3-6d2828447425	\N	2024-10-19 19:52:15.348038	\N	\N	\N	\N	f
f6b582f9-d7c6-41e7-a68d-c8369ffced09	0	6af636c4-96e4-4f9e-96a0-794dc6541dc3	\N	2024-10-19 19:52:15.427594	\N	\N	\N	\N	f
827cc96e-057f-4ae1-adc7-c5e12d622990	0	b6a3426d-d4da-49e2-b18e-eb40caad3700	\N	2024-10-19 19:52:15.506549	\N	\N	\N	\N	f
8e2219f1-8619-408d-9416-03ce4759f03b	0	c0f9ff94-a28c-4e9c-a2c7-720aca11e966	\N	2024-10-19 19:52:15.586571	\N	\N	\N	\N	f
80310b03-97f3-47fa-9161-a9c9910d35aa	0	b7fea93b-b368-4525-8fa3-cc0559c2447f	\N	2024-10-19 19:52:15.664967	\N	\N	\N	\N	f
bd213a2b-1f5f-4212-b4c7-6c75b67c88d4	0	dc2623fe-8a17-4340-abf9-d51a6e118efc	\N	2024-10-19 19:52:15.742199	\N	\N	\N	\N	f
85711195-e34f-4d41-a2ef-4ddce4bbeeb4	0	5960c661-acbe-40ae-8911-9ca1c668bb02	\N	2024-10-19 19:52:15.821453	\N	\N	\N	\N	f
27f6cb06-353c-4a85-acc3-f652158d7251	0	e7d2a4ad-4c9c-4900-89f8-6bbcdadd81ea	\N	2024-10-19 19:52:15.897446	\N	\N	\N	\N	f
4920dcf5-6e1c-45eb-9f2b-9597ddf2ace4	0	b6a46f96-c234-4a16-9417-cab2d8826b13	\N	2024-10-19 19:52:15.983573	\N	\N	\N	\N	f
a5a1b0ca-376a-4d9f-87a7-23d498c27c0a	0	afee2031-2add-4c5a-b960-f79ac7a80490	\N	2024-10-19 19:52:16.060895	\N	\N	\N	\N	f
a37a344f-1b26-43b7-9586-c29803829664	0	6319f404-3c93-4b0c-8671-411ad83c16df	\N	2024-10-19 19:52:16.146966	\N	\N	\N	\N	f
98febe3b-59c8-4ff2-952a-3270b4673746	0	7f003833-3d8a-4f3c-9c18-7986180847e4	\N	2024-10-19 19:52:16.226519	\N	\N	\N	\N	f
3f8c07b8-9ae2-40ec-85ad-961ea17a6ae7	0	b43eaefa-d7cf-4efb-a815-c640a3f38f74	\N	2024-10-19 19:52:16.308907	\N	\N	\N	\N	f
07406259-ebba-482a-be57-4f7a883c7f25	0	b94655f0-0941-4c62-b692-07ceec473e06	\N	2024-10-19 19:52:16.396587	\N	\N	\N	\N	f
46eb41e5-8988-4a92-b914-3b0a86767a52	0	e79150a4-5947-4f5a-bda6-c9497b32d442	\N	2024-10-19 19:52:16.479812	\N	\N	\N	\N	f
999c53a9-9fa3-4200-87c0-08f8338fb84b	0	bb373eb3-45a7-4f68-8ca5-fb1d24c546d0	\N	2024-10-19 19:52:16.563278	\N	\N	\N	\N	f
ef34576d-7f1d-477e-9722-5edfc62b4447	0	8d7eb883-967f-47f7-8fe2-2f898a253886	\N	2024-10-19 19:52:16.645802	\N	\N	\N	\N	f
b45a6ed2-2411-470f-bc97-5406764115fd	0	3abaecb3-ccee-4d77-8ca4-559e95866ff6	\N	2024-10-19 19:52:16.728769	\N	\N	\N	\N	f
02af4da3-e2f1-4e67-aab7-bc9b8de3efbd	0	f8ebf6a1-45d5-4b39-a5fa-4c862867ee36	\N	2024-10-19 19:52:16.811523	\N	\N	\N	\N	f
a610c979-d69e-4ad0-8103-196c5b7015dd	0	b7594574-0d60-4ffa-b14d-5917c719889b	\N	2024-10-19 19:52:16.892968	\N	\N	\N	\N	f
5423f131-4dab-4a7f-81eb-79a5b1aae1ed	0	505e9c6b-9476-4fa8-a047-c2e58e6e4399	\N	2024-10-19 19:52:16.973522	\N	\N	\N	\N	f
3e62b778-f0f3-4be4-8b69-8b84b7a6b249	0	ae722be5-bcc5-4822-b3a0-0a61b8a1f854	\N	2024-10-19 19:52:17.055479	\N	\N	\N	\N	f
2e688ffa-3742-43e5-acf7-cfafacf72fe0	0	4ff132d5-7e7b-4b81-b068-de2f5108f640	\N	2024-10-19 19:52:17.133779	\N	\N	\N	\N	f
e9427b49-cbfc-4f1e-be67-e89ada8e8336	0	0afd67a8-9293-49d6-912a-9e89b50e12fb	\N	2024-10-19 19:52:17.209447	\N	\N	\N	\N	f
0eef8de9-0334-4ffc-aa92-caef09db1c05	0	bb4ae276-884d-48cb-83fa-8f5b86893088	\N	2024-10-19 19:52:17.281383	\N	\N	\N	\N	f
a255d83d-663e-4f4b-b4af-9c4b2a3e92c9	0	97a977e7-ef81-4b31-9bd2-bd3c065dd17c	\N	2024-10-19 19:52:17.365291	\N	\N	\N	\N	f
e8666405-3b2e-4309-ba9b-2801783731cf	0	dc15764e-3243-4597-a7ac-b83fb5054d08	\N	2024-10-19 19:52:17.443882	\N	\N	\N	\N	f
55f82f48-8395-422a-88ca-a35b11eb9456	0	2f70e59a-3802-4f5c-a6ef-25b2cdde4f33	\N	2024-10-19 19:52:17.522619	\N	\N	\N	\N	f
88723b44-bfe1-4736-867f-5b82edd94ba0	0	6d48e156-8327-48d6-91d9-61ce20e3125b	\N	2024-10-19 19:52:17.597828	\N	\N	\N	\N	f
2e352153-07dc-4c16-bd41-6156313328b6	0	d827cd6e-7c6d-4b7d-b070-20492e078da5	\N	2024-10-19 19:52:17.670399	\N	\N	\N	\N	f
75e5269c-9127-4a36-9196-252eff8cc663	0	4bbe97ff-9028-4030-967e-34d7eae8f332	\N	2024-10-19 19:52:17.742804	\N	\N	\N	\N	f
1d8bdb4a-2136-4cca-80b1-86799b0ad1de	0	374675e8-3e0e-4a90-a8bb-b361657a072e	\N	2024-10-19 19:52:17.816397	\N	\N	\N	\N	f
a1682c1d-46f1-4406-82eb-5d34a8188a04	0	66f850ce-2d21-43f2-a250-4d4ecdc8f2b0	\N	2024-10-19 19:52:17.888571	\N	\N	\N	\N	f
898915d7-73a7-4a3d-9023-6ff2bf0bb9fa	0	c54da6cd-1221-4147-ab17-0cd309e389e0	\N	2024-10-19 19:52:17.961438	\N	\N	\N	\N	f
c2f6a917-b8d2-49e2-8260-753bdd063577	0	9a6498c9-2787-4e17-851f-065ab6f9bc66	\N	2024-10-19 19:52:18.035679	\N	\N	\N	\N	f
80602f2c-e271-42e9-bdf5-48f803d53ae9	0	aceaafa5-c9cb-4369-891a-613943345ca9	\N	2024-10-19 19:52:18.110211	\N	\N	\N	\N	f
6651a077-ea55-4e08-be71-348d1635d662	0	3054da29-a2e4-41b0-b7ac-9f3f4769e461	\N	2024-10-19 19:52:18.183604	\N	\N	\N	\N	f
0e36f2cb-b753-4c60-9a31-0b1b3da9be9e	0	981b8729-a9e4-40c6-8056-a67972251f6e	\N	2024-10-19 19:52:18.25891	\N	\N	\N	\N	f
dd70ff36-b8cd-4c5b-a90d-bbcdf5d095c1	0	f7654fc7-97eb-4c4f-a339-3d0fa4590de3	\N	2024-10-19 19:52:18.335523	\N	\N	\N	\N	f
89498868-01fd-434b-95b7-d08dc329eb5c	0	1adf0cd2-ed45-4722-9875-898a54b06b0b	\N	2024-10-19 19:52:18.408374	\N	\N	\N	\N	f
3793391d-44c3-4804-b403-8b8d16fb1a28	0	694020bc-a98b-4a12-93da-c9331c68619a	\N	2024-10-19 19:52:18.481511	\N	\N	\N	\N	f
714a7fcd-26d2-4cc6-a0f6-82705de1651f	0	906912ce-7b26-4c40-a026-d144fc5c8723	\N	2024-10-19 19:52:18.554996	\N	\N	\N	\N	f
4ce3786d-fce6-4d61-858a-6bea4bb58281	0	d69d03da-d18a-4556-838f-0c9c4d81656d	\N	2024-10-19 19:52:18.642926	\N	\N	\N	\N	f
3fad06d7-5fe4-421d-9cbe-88b68bf2b0fb	0	8c5bf892-39e3-4369-b889-a828b8278ddc	\N	2024-10-19 19:52:18.715867	\N	\N	\N	\N	f
28c38020-f54c-48db-9146-3337a8883a7d	0	aea921e8-b5c7-4f97-a43e-afd464f25ec3	\N	2024-10-19 19:52:18.789281	\N	\N	\N	\N	f
64621c40-8221-4c61-94b7-3214e3c4303a	0	365bf22b-e9ec-49b2-a509-ce91ecb12a36	\N	2024-10-19 19:52:18.864709	\N	\N	\N	\N	f
dbd0b8b8-2d4c-4619-b512-b91872a5d871	0	da569c42-3e83-47d7-9205-a23c3e1e34f3	\N	2024-10-19 19:52:18.937983	\N	\N	\N	\N	f
e1d5c76f-1f86-4794-9b0b-bbb18bfac90d	0	f1a9c58e-5689-4c55-8ec1-54ec35d288bf	\N	2024-10-19 19:52:19.011521	\N	\N	\N	\N	f
45e04005-9f8d-47e8-9733-d99d933fe3c6	0	88ea9d8d-9bf0-40ed-a794-32835eac461a	\N	2024-10-19 19:52:19.085734	\N	\N	\N	\N	f
361c2140-b219-41a3-88de-13c6cee930a4	0	988201d6-d08f-4276-a14e-b4a1e556a53d	\N	2024-10-19 19:52:19.156629	\N	\N	\N	\N	f
2001e0b5-4c33-42e3-bbcc-a9907a89bcac	0	48187f29-f9c6-431d-a0c3-86a6e54abeb4	\N	2024-10-19 19:52:19.229577	\N	\N	\N	\N	f
bd841cd3-900f-4630-94f2-cf0f95bd50a8	0	aa223821-cdb2-4061-a4bc-55c2ef4f69d0	\N	2024-10-19 19:52:19.301432	\N	\N	\N	\N	f
41249551-5b4a-4818-bddd-df6da3f10476	0	cc5755e6-f51c-45d4-b183-9821a5f92cc3	\N	2024-10-19 19:52:19.373759	\N	\N	\N	\N	f
268eda2f-4754-44af-9ef0-dadc01b86038	0	d220124c-a168-43b3-9668-83b91c086f48	\N	2024-10-19 19:52:19.445694	\N	\N	\N	\N	f
84e4feac-36bd-42d5-9c9a-e13b6dfb21cb	0	69914b7d-a41b-43ff-9419-b86ddc8d5cb1	\N	2024-10-19 19:52:19.516309	\N	\N	\N	\N	f
971fc2d8-db16-47ea-9c35-e87a8b8ed9fb	0	ecfbb998-043f-40d3-af8c-c0a0cf04f57b	\N	2024-10-19 19:52:19.588151	\N	\N	\N	\N	f
ddcb9443-b9c4-4363-977c-fa881180bf2b	0	3d3cb675-d596-49aa-89af-61479d8c8e8d	\N	2024-10-19 19:52:19.659243	\N	\N	\N	\N	f
201cbc67-13bb-4aec-b1c9-5fedfb4440e0	0	598ce1ed-f3e9-4bce-9c82-f3ee6b61cc1d	\N	2024-10-19 19:52:19.730795	\N	\N	\N	\N	f
1dec04e0-31ac-42fd-903e-ef206572b636	0	ca904e4a-c67e-4811-8630-55cbb215c585	\N	2024-10-19 19:52:19.803232	\N	\N	\N	\N	f
9ddad4b0-72be-4233-883f-38428a7de0ab	0	5636c866-95c5-40c1-9fea-95267dbd8ee9	\N	2024-10-19 19:52:19.878255	\N	\N	\N	\N	f
78360961-42f6-4485-850f-5908d36a37cc	0	d34efe03-6baf-42df-8e7b-0418ac94c7f8	\N	2024-10-19 19:52:19.965177	\N	\N	\N	\N	f
6f9a810d-afbc-4532-aa3c-9455ef906ee1	0	9df8f4f1-1e5a-456d-8819-9584ff75446f	\N	2024-10-19 19:52:20.040403	\N	\N	\N	\N	f
1e07b60d-b162-4a38-b74e-d0ce2176679e	0	750f454e-4ce5-4cd7-8153-d345999b233b	\N	2024-10-19 19:52:20.115268	\N	\N	\N	\N	f
3f1cd9e4-b56a-4b15-af63-d5896f1e32ee	0	a40b73ce-5582-4014-8057-3cf690643a4d	\N	2024-10-19 19:52:20.18827	\N	\N	\N	\N	f
49a72469-0bf0-42fc-b919-c75044a24087	0	60f90266-2cae-48bf-9396-e8395980e449	\N	2024-10-19 19:52:20.261802	\N	\N	\N	\N	f
7d13573e-d0ec-4fca-81ff-7f0cf9596a42	0	bcb42de0-64c2-4e11-890b-7b3de06d0924	\N	2024-10-19 19:52:20.335138	\N	\N	\N	\N	f
accd7d2a-6bcf-448e-b564-16b56cbe0be3	0	80c16f07-671b-472d-be58-e5fd82bedce0	\N	2024-10-19 19:52:20.407988	\N	\N	\N	\N	f
963aa0a3-c3ec-4e84-9bfa-1e03aa196715	0	0ecdbfd7-a759-41de-81db-f550960f3f10	\N	2024-10-19 19:52:20.481434	\N	\N	\N	\N	f
15e6a30b-c3cb-4d72-bee0-96a998543614	0	20787148-8572-49d8-b47a-af278f91e43e	\N	2024-10-19 19:52:20.551142	\N	\N	\N	\N	f
079e9875-b745-443f-bc8a-69665bb572ee	0	b56dfb50-cf66-498e-80b8-61876a9c4d92	\N	2024-10-19 19:52:20.624828	\N	\N	\N	\N	f
2a762c39-b548-421b-891e-1abf33036b4b	0	fcc71ccd-758e-4034-bf88-b482c5accb65	\N	2024-10-19 19:52:20.698519	\N	\N	\N	\N	f
7c5e594d-6342-4031-b694-fe76d4454ebc	0	e00a245f-4a75-4409-bf52-52b890381669	\N	2024-10-19 19:52:20.772863	\N	\N	\N	\N	f
13fa056a-48f5-4372-aa2d-3c4197b9faca	0	2f7efcc1-14c0-4472-a742-1948dbea238f	\N	2024-10-19 19:52:20.846177	\N	\N	\N	\N	f
7f3afb82-cf0b-41d9-b2fb-c5b47fb1ef54	0	41866800-c7ac-46ac-9cc8-a6190d3e47ce	\N	2024-10-19 19:52:20.918737	\N	\N	\N	\N	f
f2adcdbe-a62e-4b7d-b17f-1448d28559b3	0	8ad2ca44-ff48-483b-9606-83fab43d97d8	\N	2024-10-19 19:52:20.990587	\N	\N	\N	\N	f
6306e6e6-3a26-4724-a27e-4bde214d2c40	0	d723eed5-78a1-4fab-9c9d-08efced4b861	\N	2024-10-19 19:52:21.061491	\N	\N	\N	\N	f
5ac16f6d-fa48-4540-a83e-d10ad924f7bc	0	19852718-0f5f-49a9-906e-906e3deda21a	\N	2024-10-19 19:52:21.133869	\N	\N	\N	\N	f
7f0fb584-e34a-41bc-8fa8-9d9f8cf4a010	0	aa61d4be-936a-46ea-8176-83e0c09fb5cf	\N	2024-10-19 19:52:21.213663	\N	\N	\N	\N	f
931879cb-a832-408c-aed5-4e76ee8fef1f	0	8242c55f-d333-4a17-b709-18e5bc2cecc2	\N	2024-10-19 19:52:21.285544	\N	\N	\N	\N	f
3f3e7210-8be8-4149-8eae-5ac8581ff9c6	0	3016ad78-7ee8-4015-85df-d0bb4636f142	\N	2024-10-19 19:52:21.357803	\N	\N	\N	\N	f
02a84d1c-5b12-4c7a-b8b4-0b055262664a	0	0fbc3ba7-9a40-486d-8f7f-def74004317c	\N	2024-10-19 19:52:21.429125	\N	\N	\N	\N	f
21a5d70f-1f3e-4eb5-afd0-cbe58b51eaec	0	26261306-88f5-4e8c-92fa-d96a825768d2	\N	2024-10-19 19:52:21.500511	\N	\N	\N	\N	f
\.


--
-- TOC entry 3010 (class 0 OID 16486)
-- Dependencies: 204
-- Data for Name: accounts; Type: TABLE DATA; Schema: public; Owner: infinitynetUser
--

COPY public.accounts (id, default_user_profile_id, created_by, created_at, updated_by, updated_at, deleted_by, deleted_at, is_deleted) FROM stdin;
0afd67a8-9293-49d6-912a-9e89b50e12fb	962d9cdb-c2d9-48d4-9187-48db5ddadeb6	\N	2024-10-19 19:52:13.644249	\N	\N	\N	\N	f
0ecdbfd7-a759-41de-81db-f550960f3f10	b1469423-4113-490e-bcd6-b79a146c3f81	\N	2024-10-19 19:52:13.645124	\N	\N	\N	\N	f
0fbc3ba7-9a40-486d-8f7f-def74004317c	cf6228c4-4f7d-45f4-a49d-3b5e9cd85c64	\N	2024-10-19 19:52:13.645369	\N	\N	\N	\N	f
120acdc1-8799-412b-8fc8-67addf841f25	b6d54f8d-b08c-4f88-9db9-00008875256f	\N	2024-10-19 19:52:13.643525	\N	\N	\N	\N	f
15d219ed-b4eb-46de-9f55-741dd7dcec62	b116c61a-f11d-46dc-b3dc-b66678e9fbb6	\N	2024-10-19 19:52:13.643681	\N	\N	\N	\N	f
19852718-0f5f-49a9-906e-906e3deda21a	4929722e-df51-411e-8c00-59955f7d8fd8	\N	2024-10-19 19:52:13.645288	\N	\N	\N	\N	f
1adf0cd2-ed45-4722-9875-898a54b06b0b	b6663ea1-57ec-4c3a-9597-da421b3c9484	\N	2024-10-19 19:52:13.644549	\N	\N	\N	\N	f
20787148-8572-49d8-b47a-af278f91e43e	e00c9a01-ea24-48db-ac41-4d39c79f9321	\N	2024-10-19 19:52:13.645142	\N	\N	\N	\N	f
26261306-88f5-4e8c-92fa-d96a825768d2	2e6b7127-5e54-43eb-a21f-64c57143824d	\N	2024-10-19 19:52:13.645387	\N	\N	\N	\N	f
29198ed7-c2be-46cd-a0ed-36bd6a05efbf	6c1fa607-dced-475d-9ad2-1e8ede9071d2	\N	2024-10-19 19:52:13.643703	\N	\N	\N	\N	f
2c230b5e-70ae-4dd0-98ce-503717219fea	2fa772f8-0fa4-472b-a154-14cf794d50e2	\N	2024-10-19 19:52:13.643448	\N	\N	\N	\N	f
2e6c3e34-b264-45f0-a9e8-5d3ead7e11ca	07f86036-511f-47d1-b7b7-4543b2eb3303	\N	2024-10-19 19:52:13.643475	\N	\N	\N	\N	f
2f70e59a-3802-4f5c-a6ef-25b2cdde4f33	27cf8d25-e68b-41e4-a2d2-245d2e9370e3	\N	2024-10-19 19:52:13.64432	\N	\N	\N	\N	f
2f7efcc1-14c0-4472-a742-1948dbea238f	3652e96a-9dc0-4f12-817c-1ca7f05807e6	\N	2024-10-19 19:52:13.645216	\N	\N	\N	\N	f
3016ad78-7ee8-4015-85df-d0bb4636f142	3de591a5-c3e4-4ba1-b148-9973d7a8ac9e	\N	2024-10-19 19:52:13.645346	\N	\N	\N	\N	f
3054da29-a2e4-41b0-b7ac-9f3f4769e461	1faf9d72-1396-4e99-935d-547b226327c7	\N	2024-10-19 19:52:13.644493	\N	\N	\N	\N	f
319e8c19-7e11-481a-bb57-c3c239af2209	00c05513-4129-4aa6-b79e-983ff13574fc	\N	2024-10-19 19:52:13.643415	\N	\N	\N	\N	f
365bf22b-e9ec-49b2-a509-ce91ecb12a36	fadd55dc-c457-41a6-9723-c259182f0035	\N	2024-10-19 19:52:13.64466	\N	\N	\N	\N	f
374675e8-3e0e-4a90-a8bb-b361657a072e	143437a3-503e-4e95-911d-4c6571ddea8e	\N	2024-10-19 19:52:13.6444	\N	\N	\N	\N	f
3abaecb3-ccee-4d77-8ca4-559e95866ff6	84609dec-b050-496e-81be-301a1334919a	\N	2024-10-19 19:52:13.644136	\N	\N	\N	\N	f
3d3cb675-d596-49aa-89af-61479d8c8e8d	1cc85c40-c092-4bee-adeb-3dc17e304563	\N	2024-10-19 19:52:13.644913	\N	\N	\N	\N	f
41866800-c7ac-46ac-9cc8-a6190d3e47ce	6b8b0603-8e07-4181-92ec-ee13f0e768ce	\N	2024-10-19 19:52:13.645233	\N	\N	\N	\N	f
48187f29-f9c6-431d-a0c3-86a6e54abeb4	b55f5bbd-4b95-448a-b38b-a1429002854b	\N	2024-10-19 19:52:13.644756	\N	\N	\N	\N	f
4bbe97ff-9028-4030-967e-34d7eae8f332	78532cb2-f350-4c98-bce2-e94afd8369c6	\N	2024-10-19 19:52:13.644378	\N	\N	\N	\N	f
4ff132d5-7e7b-4b81-b068-de2f5108f640	33725381-a183-49ef-b723-e70495ff6066	\N	2024-10-19 19:52:13.644228	\N	\N	\N	\N	f
505e9c6b-9476-4fa8-a047-c2e58e6e4399	d60eb1e2-73ff-44c0-b1a3-2ecf423bda46	\N	2024-10-19 19:52:13.644194	\N	\N	\N	\N	f
5636c866-95c5-40c1-9fea-95267dbd8ee9	14a6b1d0-f886-4f46-9166-a134668d16ab	\N	2024-10-19 19:52:13.644971	\N	\N	\N	\N	f
5960c661-acbe-40ae-8911-9ca1c668bb02	612e214e-4fe6-4b17-b9af-8b8b26bf180e	\N	2024-10-19 19:52:13.643925	\N	\N	\N	\N	f
598ce1ed-f3e9-4bce-9c82-f3ee6b61cc1d	705391da-77b5-4f08-b176-301a5f1bbc0d	\N	2024-10-19 19:52:13.644936	\N	\N	\N	\N	f
60f90266-2cae-48bf-9396-e8395980e449	6e132241-d674-4195-b8c5-b6b4d320e3ce	\N	2024-10-19 19:52:13.64507	\N	\N	\N	\N	f
6319f404-3c93-4b0c-8671-411ad83c16df	ed964db3-afac-426e-8988-c2ed54a89510	\N	2024-10-19 19:52:13.643999	\N	\N	\N	\N	f
66f850ce-2d21-43f2-a250-4d4ecdc8f2b0	001b466d-90ee-4f3e-9cea-6f94f7b4c1d5	\N	2024-10-19 19:52:13.64442	\N	\N	\N	\N	f
67bd2b8c-552a-4227-ab05-604f8f62a655	3d8be820-f83f-4579-b8e2-a8c4b5465d69	\N	2024-10-19 19:52:13.643741	\N	\N	\N	\N	f
694020bc-a98b-4a12-93da-c9331c68619a	bb05cc9c-87a1-4d43-b253-d172e2117ff2	\N	2024-10-19 19:52:13.644569	\N	\N	\N	\N	f
69914b7d-a41b-43ff-9419-b86ddc8d5cb1	a89b63eb-18ed-4f62-8e19-1d977f50a4b2	\N	2024-10-19 19:52:13.644829	\N	\N	\N	\N	f
6af636c4-96e4-4f9e-96a0-794dc6541dc3	58071bf0-1435-4f5f-a67c-f7f1ca0a74dc	\N	2024-10-19 19:52:13.643829	\N	\N	\N	\N	f
6d48e156-8327-48d6-91d9-61ce20e3125b	6700632c-6c3b-4d7e-81dd-8b2151b60502	\N	2024-10-19 19:52:13.644338	\N	\N	\N	\N	f
716b8355-1851-445e-b5c9-897643adf03a	b0d1d45b-c71b-4578-8ac0-01c30b49131b	\N	2024-10-19 19:52:13.643645	\N	\N	\N	\N	f
750f454e-4ce5-4cd7-8153-d345999b233b	384d21de-6a0f-4c92-b0ef-540ff97079bc	\N	2024-10-19 19:52:13.645032	\N	\N	\N	\N	f
7f003833-3d8a-4f3c-9c18-7986180847e4	39ad1877-9e15-4498-88bb-ef6d617a23d2	\N	2024-10-19 19:52:13.644018	\N	\N	\N	\N	f
80c16f07-671b-472d-be58-e5fd82bedce0	35d0da5e-7492-46d3-aaca-17455a353de9	\N	2024-10-19 19:52:13.645107	\N	\N	\N	\N	f
822e7907-b1f2-4062-9070-b8acb5c3b29b	e21d9b47-d1bb-4c02-9704-acff338cf963	\N	2024-10-19 19:52:13.64379	\N	\N	\N	\N	f
8242c55f-d333-4a17-b709-18e5bc2cecc2	c2325fbe-7f7b-4d92-b73d-48d26e0c5047	\N	2024-10-19 19:52:13.645329	\N	\N	\N	\N	f
88ea9d8d-9bf0-40ed-a794-32835eac461a	49fa1298-7d26-4de1-b197-3005c3d03c0e	\N	2024-10-19 19:52:13.644719	\N	\N	\N	\N	f
8ad2ca44-ff48-483b-9606-83fab43d97d8	72843603-7dc4-4405-92fa-9a7289ac9b66	\N	2024-10-19 19:52:13.645252	\N	\N	\N	\N	f
8c5bf892-39e3-4369-b889-a828b8278ddc	eba19f8f-0936-45eb-88bc-9c83772a1d93	\N	2024-10-19 19:52:13.644625	\N	\N	\N	\N	f
8d7eb883-967f-47f7-8fe2-2f898a253886	f18bc355-4a5c-4012-89a6-0044e4bfe36f	\N	2024-10-19 19:52:13.644118	\N	\N	\N	\N	f
8febcf10-4332-4750-b0e8-3c64c7d204ad	9ca9bcee-c97f-4778-83f4-57fff49759d1	\N	2024-10-19 19:52:13.641538	\N	\N	\N	\N	f
906912ce-7b26-4c40-a026-d144fc5c8723	50088da9-86e5-4781-be1e-f8b04a2554d0	\N	2024-10-19 19:52:13.644587	\N	\N	\N	\N	f
97a977e7-ef81-4b31-9bd2-bd3c065dd17c	d0e23fb9-4596-463e-8578-c9acdcdb4c5f	\N	2024-10-19 19:52:13.644283	\N	\N	\N	\N	f
981b8729-a9e4-40c6-8056-a67972251f6e	d45e1cf5-dfbb-43c4-a614-a6aa2374c588	\N	2024-10-19 19:52:13.644514	\N	\N	\N	\N	f
988201d6-d08f-4276-a14e-b4a1e556a53d	cb2b279c-19a1-49ef-b47f-bc342a8c7fae	\N	2024-10-19 19:52:13.644738	\N	\N	\N	\N	f
9a6498c9-2787-4e17-851f-065ab6f9bc66	30d72372-2aee-46cd-ab7f-56dcaefe600c	\N	2024-10-19 19:52:13.644455	\N	\N	\N	\N	f
9df8f4f1-1e5a-456d-8819-9584ff75446f	53453386-8816-485f-9a08-22c07cf29d22	\N	2024-10-19 19:52:13.645009	\N	\N	\N	\N	f
a40b73ce-5582-4014-8057-3cf690643a4d	7b42cb26-668a-4037-8ffc-68058704a460	\N	2024-10-19 19:52:13.645052	\N	\N	\N	\N	f
aa223821-cdb2-4061-a4bc-55c2ef4f69d0	5f55d75a-ca3a-4375-bdc4-afb591aef21d	\N	2024-10-19 19:52:13.644773	\N	\N	\N	\N	f
aa61d4be-936a-46ea-8176-83e0c09fb5cf	1bc4061b-cefd-44dc-89e8-57d1c4ad078a	\N	2024-10-19 19:52:13.645307	\N	\N	\N	\N	f
ab6792ec-7e4d-4abf-9c1e-a315d97c422d	0b996fe8-4582-412b-adfb-6fa402c25bf4	\N	2024-10-19 19:52:13.643497	\N	\N	\N	\N	f
aceaafa5-c9cb-4369-891a-613943345ca9	eb1b0535-b7f3-430e-b91c-c1feea653f5f	\N	2024-10-19 19:52:13.644476	\N	\N	\N	\N	f
ae722be5-bcc5-4822-b3a0-0a61b8a1f854	74d9ea46-5729-454f-b994-8faee093ddef	\N	2024-10-19 19:52:13.644211	\N	\N	\N	\N	f
aea921e8-b5c7-4f97-a43e-afd464f25ec3	e095bbae-68d2-4077-9036-697c526736d4	\N	2024-10-19 19:52:13.644642	\N	\N	\N	\N	f
afee2031-2add-4c5a-b960-f79ac7a80490	8f722abd-0123-4494-b71c-a21943484a3c	\N	2024-10-19 19:52:13.643981	\N	\N	\N	\N	f
b43eaefa-d7cf-4efb-a815-c640a3f38f74	bbfef7a3-6fc1-406a-b117-6a2bc70dd418	\N	2024-10-19 19:52:13.644039	\N	\N	\N	\N	f
b56dfb50-cf66-498e-80b8-61876a9c4d92	fa846317-fe54-4f52-b8d6-6a618387a5da	\N	2024-10-19 19:52:13.645162	\N	\N	\N	\N	f
b6a3426d-d4da-49e2-b18e-eb40caad3700	e26df0b7-3c68-4669-8b16-e9a9a7f87e3b	\N	2024-10-19 19:52:13.643846	\N	\N	\N	\N	f
b6a46f96-c234-4a16-9417-cab2d8826b13	d1372bba-be85-473c-8086-02a7c9890140	\N	2024-10-19 19:52:13.643961	\N	\N	\N	\N	f
b7594574-0d60-4ffa-b14d-5917c719889b	af93b51f-c8b9-4aac-ac95-57bb00c9c3da	\N	2024-10-19 19:52:13.644173	\N	\N	\N	\N	f
b7fea93b-b368-4525-8fa3-cc0559c2447f	09f405ed-f0c6-422c-847f-0e24f7c74aef	\N	2024-10-19 19:52:13.643886	\N	\N	\N	\N	f
b94655f0-0941-4c62-b692-07ceec473e06	69940db4-d312-4a4e-b7a5-f5bbfd6ddee7	\N	2024-10-19 19:52:13.644056	\N	\N	\N	\N	f
bb373eb3-45a7-4f68-8ca5-fb1d24c546d0	8b92673a-ba81-4629-aea9-41444a46a0dc	\N	2024-10-19 19:52:13.6441	\N	\N	\N	\N	f
bb4ae276-884d-48cb-83fa-8f5b86893088	9f64a38d-8cdd-4a21-a529-9747a9331998	\N	2024-10-19 19:52:13.644266	\N	\N	\N	\N	f
bcb42de0-64c2-4e11-890b-7b3de06d0924	2eb2ae7e-b05a-45c8-83ef-a23717e17947	\N	2024-10-19 19:52:13.645087	\N	\N	\N	\N	f
c0f9ff94-a28c-4e9c-a2c7-720aca11e966	be26aee1-0512-4e6a-8313-5c18759958a9	\N	2024-10-19 19:52:13.643867	\N	\N	\N	\N	f
c54da6cd-1221-4147-ab17-0cd309e389e0	cd45e23d-ecee-4c2b-95f6-ee357e5b8c9b	\N	2024-10-19 19:52:13.644438	\N	\N	\N	\N	f
ca904e4a-c67e-4811-8630-55cbb215c585	83c97377-4790-4e12-9b61-c0456fe642b2	\N	2024-10-19 19:52:13.644954	\N	\N	\N	\N	f
cc5755e6-f51c-45d4-b183-9821a5f92cc3	7374bc88-8afb-4236-9fa0-d75adad253a0	\N	2024-10-19 19:52:13.644793	\N	\N	\N	\N	f
d1c01a0d-0e17-4451-9da0-0b4e6579636a	b3243d6a-7be2-4c83-8a89-dfd4a1976095	\N	2024-10-19 19:52:13.643761	\N	\N	\N	\N	f
d220124c-a168-43b3-9668-83b91c086f48	978e2b3f-9c26-41f0-b3c4-cba2e492767f	\N	2024-10-19 19:52:13.64481	\N	\N	\N	\N	f
d34efe03-6baf-42df-8e7b-0418ac94c7f8	45370c44-1d4d-4834-8cd5-3551b5d30199	\N	2024-10-19 19:52:13.644992	\N	\N	\N	\N	f
d69d03da-d18a-4556-838f-0c9c4d81656d	20105f5a-82e0-4763-b12c-7a5ddc9abf83	\N	2024-10-19 19:52:13.644605	\N	\N	\N	\N	f
d723eed5-78a1-4fab-9c9d-08efced4b861	13ba9424-00b3-40a6-92c8-a9426207a2d9	\N	2024-10-19 19:52:13.64527	\N	\N	\N	\N	f
d776b5c6-c7ca-4d5a-9fd3-6d2828447425	c6d25490-d32a-410d-be77-5370cc1482a2	\N	2024-10-19 19:52:13.643808	\N	\N	\N	\N	f
d827cd6e-7c6d-4b7d-b070-20492e078da5	2b1bcd4d-8082-4ae4-a601-6fab29cc8433	\N	2024-10-19 19:52:13.64436	\N	\N	\N	\N	f
da569c42-3e83-47d7-9205-a23c3e1e34f3	439c9800-35c9-48ee-8549-9c293a107743	\N	2024-10-19 19:52:13.644679	\N	\N	\N	\N	f
dc15764e-3243-4597-a7ac-b83fb5054d08	f015b253-2d06-44b2-8f52-1ae49c1a241c	\N	2024-10-19 19:52:13.644303	\N	\N	\N	\N	f
dc2623fe-8a17-4340-abf9-d51a6e118efc	134e6153-f93b-4592-8bd7-ae30e9321017	\N	2024-10-19 19:52:13.643904	\N	\N	\N	\N	f
e00a245f-4a75-4409-bf52-52b890381669	22e64c46-97c3-40a7-a4aa-4b11eb838446	\N	2024-10-19 19:52:13.645198	\N	\N	\N	\N	f
e641ea43-110f-49b7-b5b2-d115bbfd7168	9612f20e-6fce-4190-bc29-b31d7d3d9188	\N	2024-10-19 19:52:13.643568	\N	\N	\N	\N	f
e6fb00e8-a0ee-460c-bb7d-e33e8189a780	959b7d55-62bf-42c0-a313-33054551abb5	\N	2024-10-19 19:52:13.643662	\N	\N	\N	\N	f
e79150a4-5947-4f5a-bda6-c9497b32d442	fe1e460d-16ac-4fcd-b512-2413b8cb3256	\N	2024-10-19 19:52:13.644074	\N	\N	\N	\N	f
e7d2a4ad-4c9c-4900-89f8-6bbcdadd81ea	28ffe509-f3c0-4d56-aeb4-8668f16da5d5	\N	2024-10-19 19:52:13.643942	\N	\N	\N	\N	f
ecfbb998-043f-40d3-af8c-c0a0cf04f57b	18e845d8-400b-4d12-a414-9cd440f92677	\N	2024-10-19 19:52:13.644846	\N	\N	\N	\N	f
f1423b81-e629-47f3-96fd-6fc76e094f58	ae5d22bf-3855-460b-a502-9747f35d6a34	\N	2024-10-19 19:52:13.643722	\N	\N	\N	\N	f
f1a9c58e-5689-4c55-8ec1-54ec35d288bf	1f981aae-f40b-4dba-b383-8853d87b23c5	\N	2024-10-19 19:52:13.644701	\N	\N	\N	\N	f
f47d785f-5652-45b9-b1ed-9bfddf7807cd	14baebc0-0189-423c-a14c-d62ffe981f63	\N	2024-10-19 19:52:13.643543	\N	\N	\N	\N	f
f7654fc7-97eb-4c4f-a339-3d0fa4590de3	950ce7ba-2017-4ab9-bba2-2325f7d35ab6	\N	2024-10-19 19:52:13.644531	\N	\N	\N	\N	f
f8c48d9c-5c29-4f8a-8b87-5c79a77b4bce	92d0bb28-a2c9-476f-878f-c6ebe2f04e2c	\N	2024-10-19 19:52:13.643597	\N	\N	\N	\N	f
f8ebf6a1-45d5-4b39-a5fa-4c862867ee36	a36a2bc3-e0e1-43e3-a499-2aec8284e23e	\N	2024-10-19 19:52:13.644156	\N	\N	\N	\N	f
f99e97ca-a44a-4433-894f-3af63697fb2f	5b8a7a2a-53f6-4932-ae19-a3fcdea1b838	\N	2024-10-19 19:52:13.643623	\N	\N	\N	\N	f
fcc71ccd-758e-4034-bf88-b482c5accb65	275ddc93-92b8-419a-ab96-baeb34d89c19	\N	2024-10-19 19:52:13.645179	\N	\N	\N	\N	f
\.


--
-- TOC entry 3013 (class 0 OID 16511)
-- Dependencies: 207
-- Data for Name: facebook_providers; Type: TABLE DATA; Schema: public; Owner: infinitynetUser
--

COPY public.facebook_providers (id, facebook_id) FROM stdin;
\.


--
-- TOC entry 3014 (class 0 OID 16521)
-- Dependencies: 208
-- Data for Name: google_providers; Type: TABLE DATA; Schema: public; Owner: infinitynetUser
--

COPY public.google_providers (id, google_id) FROM stdin;
\.


--
-- TOC entry 3015 (class 0 OID 16531)
-- Dependencies: 209
-- Data for Name: local_providers; Type: TABLE DATA; Schema: public; Owner: infinitynetUser
--

COPY public.local_providers (id, email, password_hash) FROM stdin;
a396a7ad-5812-4de6-a7ca-22a4e00ac9a1	Kory_Rath@gmail.com	AQAAAAIAAYagAAAAEF6l4FWRyyoimjynQoyngDqmgqNHb0qhV1mTm99rEFQ+R6L17EE8SHt0q4DmJ3XHDg==
b0ba83b9-27d1-452a-bc30-083824422dad	Marguerite_Swift@hotmail.com	AQAAAAIAAYagAAAAEIG9hsZrocj9VhMKhjkObgyett7J+bKDFBlScZBcVusZSfnXcbsq+B9DCmbNaBTapw==
c3b82353-0e48-473b-8f0f-ff392289b8ac	Markus30@yahoo.com	AQAAAAIAAYagAAAAEBUi4ZdauBGucVzOWtHP7o5wdKQ9YBElReYp6m6wZmyDVesSNeTVpW6hHYEG3V7GRg==
ed1b1db9-86e9-44a1-948e-345c3a46e561	Harmon83@hotmail.com	AQAAAAIAAYagAAAAEAhl/t4p7xvy0eUwKhf9I9w0642fK0+Jr6dVBdUXgg5C5rX2vGCcxb2syYuKJfdRbA==
1960c166-2096-47f1-ac5d-2dd99091bc53	Moses_Stehr75@gmail.com	AQAAAAIAAYagAAAAEINuL+SZO/gOh0pEXdYGprf0wMdApTQTq9ASfciw1ZeucjXBUY+Ongi/s0wVYc0qLg==
e56e0433-b62a-45c3-992a-d2d216d7b7ee	Wilfredo_Becker16@hotmail.com	AQAAAAIAAYagAAAAEMPmiL4Lnm8Bqed1mATgtgouFsSHPLeL+MPIf5b67Cp+mzXbyUvNGDHh+LabW/tPUQ==
b43f3f77-3ab8-4bee-b263-de27bb86b04f	Verla35@yahoo.com	AQAAAAIAAYagAAAAEMlByzTiCMB1+VOgo7kxGBlv5OxiLgYHIT+eYIwRnQgvMhrz5fhy/sew6c//fzeTZw==
7e92a425-ab59-47e4-b41c-b78e1ad6089a	Oswald.Miller64@yahoo.com	AQAAAAIAAYagAAAAEDDIPxacyMb9w6Gj+yiJgTnElxNZeekIcjrzKnLcoPyC4pVJgLFc07P7OumdUyog+A==
93986e35-174f-462f-8c13-1aaa30d2d199	Lula17@hotmail.com	AQAAAAIAAYagAAAAEF/F/WhAJILKXhQAeJyRvyKXbDjxy3EC4G9hPi9KFrvgHz7Bqh3i9RWOpN0b6uvMlQ==
af0aba58-07e6-4ab8-ae33-df86456b0337	Aiden.Stark@gmail.com	AQAAAAIAAYagAAAAED8BwjRZYQdwYh7v2YpS4OKuK15tbhmzOiswlZp44WTNFVVwFQvU6FaknHkqY1kyPQ==
3a412fcf-dd42-4eed-b2a6-318c5a47ce30	Harley25@hotmail.com	AQAAAAIAAYagAAAAEHcDz1KBIoW38MH1icPetnBecj8EUP44czPbr8qGgcbqfueTR1MFHS8YbkRmD46fRQ==
6bb86ee6-565a-496f-a17b-57d0074fba1f	Joanne62@hotmail.com	AQAAAAIAAYagAAAAENaNX+UraEThdaxvG/+ZMwe27GR3Pp7lsUh8JHIg11V3xhlamwZlXc1PFtwS3i5P6g==
8bf9d23c-8eca-44a4-976c-0d53b2f632b2	Dennis.Ward@hotmail.com	AQAAAAIAAYagAAAAEM+C//v9XwGqCxkHf6/+QmOHrHj9tzjVkHZtcjXAxFFaLu2gI9Xa/3GrkyeROlSrrQ==
96fabb38-c832-4e0e-8fd5-29b0a0d3092e	Madalyn_Fahey31@hotmail.com	AQAAAAIAAYagAAAAEM2ualcNVJGv/EsqfrXdSYDtbrgayY8qm2SdnVbyPCcu6MDA6K0cvDmSPEAq/Vgh8A==
f014cd1a-93ce-41b7-9360-24765dfe38e8	Gilberto.Bosco@yahoo.com	AQAAAAIAAYagAAAAELjNz7rpz0/h0b+SQU/u62XQBlm6W+eKtg5RfE8+wYfR7MD8SBoGVixQ/aQ+5dCkmw==
da02fc89-a27e-4c26-9c58-f5aaf80b50d2	Providenci.Klocko@hotmail.com	AQAAAAIAAYagAAAAEMXJkPRkZPidPg4doN/PotUy+dlVsh5sQJu4wXE15uF0F0lhO8sd7Nrh7S22smJetg==
207771de-49e0-4f09-bc51-9fc7236ce05b	Modesta63@gmail.com	AQAAAAIAAYagAAAAEKUu4xR2p0f5lCX8MiHd77VaFDwpWt5yUP4/8wCMrmVrAlZW/r8DWh9NylC5iR3ZTw==
a5c36c28-e9d6-480b-a950-d45083e30820	Damion_McCullough@gmail.com	AQAAAAIAAYagAAAAEAyKIjd7gkhV1wdyjqSRWkYBT4tNtxs8BPcRaBzi/we0WxSBJXcU68j8+9VLFhNH8g==
05181444-e348-4eff-b6b2-bd5be47b1902	Ludie_Kassulke@hotmail.com	AQAAAAIAAYagAAAAEJ0q05MO8U7G5aSzVAyCHfIwz4TnKqfFtsxnJYn07G+M+leXrfeT8cnFu9XBoqBPgQ==
f6b582f9-d7c6-41e7-a68d-c8369ffced09	Selmer20@gmail.com	AQAAAAIAAYagAAAAEH22vBppujZnwYAfIqsB4BYHisz95aIw1XswHtVIUnCmCLBraJcXFn3EO+nO2iTJSA==
827cc96e-057f-4ae1-adc7-c5e12d622990	Lois_Graham@hotmail.com	AQAAAAIAAYagAAAAELKeAAwyRYkTI3JBK2InB7K7qU8NLZXii6mfnn92cRVGqHZgCP4T8uLFsWqbH49mRA==
8e2219f1-8619-408d-9416-03ce4759f03b	Lysanne52@hotmail.com	AQAAAAIAAYagAAAAEITJ8LztWJ1chXeHyQOgfv/QfkNBt07KCET7GauJQ3vvEzNlJ0Aw8fTBT7og6h1aiQ==
80310b03-97f3-47fa-9161-a9c9910d35aa	Aniya_Weber@yahoo.com	AQAAAAIAAYagAAAAEBugLK+IL4FL7vaeCC3Sfv2u6Th+nYI2o4FgffCPh1oxG+t8Q8c7uM6oQr4vHZcVqg==
bd213a2b-1f5f-4212-b4c7-6c75b67c88d4	Tre.Senger@gmail.com	AQAAAAIAAYagAAAAEL92rP2X4P2GPVe8LMSRMEV3Y65GW4ZLg5IJZlOGAkJ7muWPqTD7XWinqeIabi25WA==
85711195-e34f-4d41-a2ef-4ddce4bbeeb4	Justus_Greenfelder@hotmail.com	AQAAAAIAAYagAAAAEM9fcl4fGkjIl/LxozfTTyJEui5xs19grREgVkjBDEB2+D9L1M2ug7I1xw/T7yJKDQ==
27f6cb06-353c-4a85-acc3-f652158d7251	David.Strosin91@gmail.com	AQAAAAIAAYagAAAAEPKN4PLcNhnIDzHw6xXYzVqaB7taKZZ/bdqF+QUtyqWSIdNIbgyGZz1zeaeTzk5iig==
4920dcf5-6e1c-45eb-9f2b-9597ddf2ace4	Tamara_Cremin20@gmail.com	AQAAAAIAAYagAAAAEOGa2njpWcFKCuntGm3ItuP/WOERLxPz799r1D2/4wafmXTt6xh540xkjlzasYH9+w==
a5a1b0ca-376a-4d9f-87a7-23d498c27c0a	Evangeline_Frami89@gmail.com	AQAAAAIAAYagAAAAELehIbD9Yo2LrYhGRrL6J7WPCWAXIV3iw8wHKOrHJqkZ2+FqNAkYqgqCD75dBFUbVw==
a37a344f-1b26-43b7-9586-c29803829664	Seamus.Tromp9@hotmail.com	AQAAAAIAAYagAAAAEMzyiqf78KBeJJJ1uLtJcLRzp7sFqFKEsoroYbpRT3BioJ9iXw6ZUj3z77CbrgyqCA==
98febe3b-59c8-4ff2-952a-3270b4673746	Rashawn_Larson@yahoo.com	AQAAAAIAAYagAAAAEFCfh5EHDbDCP2Eu7R+d0ItdPnOiSWAB4PWEdB2mmaRKkbLoR4Zz1P73BDr26+VdCg==
3f8c07b8-9ae2-40ec-85ad-961ea17a6ae7	Vinnie_Renner@gmail.com	AQAAAAIAAYagAAAAEGBwqUASAgL2bzwyew51J2oL6sy/0P3YdkUDgtqZrPScH28w9HVBKYq7objGijWp0g==
07406259-ebba-482a-be57-4f7a883c7f25	Velda86@gmail.com	AQAAAAIAAYagAAAAEPjA7bBtzC9R5pmjDGHRTqnT8O0tlgkb1wtCAuih7jSBlWv4lTPolkTuX2ETOanNzg==
46eb41e5-8988-4a92-b914-3b0a86767a52	Manley.Roberts@yahoo.com	AQAAAAIAAYagAAAAEK8o4zK+MnXWdj56qPn2Vg6HEEasPZ8w2Lh/7qJ2si9x7VjLdLpKXLCKBX+BtJf2Mw==
999c53a9-9fa3-4200-87c0-08f8338fb84b	Letitia.Weimann8@yahoo.com	AQAAAAIAAYagAAAAEEnb7FkaqaZecKV36BGrGziwP7ogNlQxGBj9Liyvr19WpfoMRI18ZInB0ILAe+PasQ==
ef34576d-7f1d-477e-9722-5edfc62b4447	Godfrey27@gmail.com	AQAAAAIAAYagAAAAEHxpjgVSSGhFNkHzjyKOhuQzEnhoXYMFpG5PKC0ciY3Xz9Lowt1+7RExnH4tY1OQ6g==
b45a6ed2-2411-470f-bc97-5406764115fd	Laron_Prosacco@hotmail.com	AQAAAAIAAYagAAAAEHeiVYoSJmR4Pk9saQ4atvvoUorjugGILCFjR1ELxsJvWFsw0Mq0eCSVcpAseF1RFA==
02af4da3-e2f1-4e67-aab7-bc9b8de3efbd	Arvel_MacGyver1@yahoo.com	AQAAAAIAAYagAAAAEJlE3gBuf9o4F0/hE1cZBEtgxXwaDljKhnrnRKwPZT95s++7YjSJCVDQhspsq6hh4A==
a610c979-d69e-4ad0-8103-196c5b7015dd	Javon.McKenzie0@gmail.com	AQAAAAIAAYagAAAAEFzHQS0T7sazCG28fCMww69YLaJJ7AOY0B4wtDsRI3Im2yfYud6ceezAsObyIxgq8g==
5423f131-4dab-4a7f-81eb-79a5b1aae1ed	Madaline.Parisian@hotmail.com	AQAAAAIAAYagAAAAENwwpZDjrS/mwD3/f9qRgCPLUBKLE+Z7HEGtMajo2qU3R2aq+tYCj+oLkbo24j7cNA==
3e62b778-f0f3-4be4-8b69-8b84b7a6b249	Ernesto90@gmail.com	AQAAAAIAAYagAAAAEFhAjk2D9F8CYy13+bg+X7NRBb7VGtGJS8GJih5Bt3tWe/eUs7i7vWD7zv+jiHzH8g==
2e688ffa-3742-43e5-acf7-cfafacf72fe0	Amalia_Cole30@yahoo.com	AQAAAAIAAYagAAAAEDG8fOOS+Yfcoq0XRewD3LycaGSAGOJIqA+60/sl0bohexXhD4z/TbI0aqcdfztEoA==
e9427b49-cbfc-4f1e-be67-e89ada8e8336	Kristina.Huels69@hotmail.com	AQAAAAIAAYagAAAAEAvUKIQ0k8C1dFg63es3WT+ShSjZpuf7ZIguN4B3ZDmwNDVUlkyxov5MhgKR82jTbA==
0eef8de9-0334-4ffc-aa92-caef09db1c05	Eliseo.Smitham1@yahoo.com	AQAAAAIAAYagAAAAEJxIUacH2xw94uw8iln5vewQEQdwkdapMYODUg5WercimpNMsOtgtTrUpGiU+tMcvA==
a255d83d-663e-4f4b-b4af-9c4b2a3e92c9	Floyd_Yost@yahoo.com	AQAAAAIAAYagAAAAEHciVHnW9FJV3XNoEdIuozTXgHHoydXh+ZBw8d5ufQpC+AjqhEpDqt0gdvEO8+3uhA==
e8666405-3b2e-4309-ba9b-2801783731cf	Elwin65@hotmail.com	AQAAAAIAAYagAAAAEDzMHW7yfal7ybeAh3JkPnF4FUa+ixpwYu7TR9tQNL3zv7sZN2HEZFQRmCgVv+DMkA==
55f82f48-8395-422a-88ca-a35b11eb9456	Danielle_Jones@yahoo.com	AQAAAAIAAYagAAAAELMqvfDLNki3yEvAYauMn2JHIiTLgvQeodBkqLUQ8EyZbw4VphgU0ER+6VibGNjohg==
88723b44-bfe1-4736-867f-5b82edd94ba0	Carli_Powlowski@hotmail.com	AQAAAAIAAYagAAAAELKWvkuA7+r7p/wBev2XgRt7QFG9sWYV3k/wjHlcA9Qt+HW8+OcAjpv8JbfrZ3kZCg==
2e352153-07dc-4c16-bd41-6156313328b6	Maryam_Hoeger@gmail.com	AQAAAAIAAYagAAAAECB7YOd+0OUyaokWltUxC1DRM932KJzeq6yUtwBojYkf34kmIRboPyVygexd7IZz9Q==
75e5269c-9127-4a36-9196-252eff8cc663	Margret.Wunsch@hotmail.com	AQAAAAIAAYagAAAAEHgKm9Kz0l1xsTP3C5br1nhJndcEhzLFQlgRG4b1SshJdhptiNfWWybhYlXOVs7Cew==
1d8bdb4a-2136-4cca-80b1-86799b0ad1de	Ambrose.Ratke@gmail.com	AQAAAAIAAYagAAAAEJgPwhlD+iZqWnxtNtedFUZCKSFm6Kevrqmc4bi0xAlAQaSAt2boIr2yLQH4f9ViAA==
a1682c1d-46f1-4406-82eb-5d34a8188a04	Hilda31@gmail.com	AQAAAAIAAYagAAAAEL2UgGuAERkcoXQm4MkXSZulu4p/BLWpxpX05QCGMWyKLC2t3pF03knTUCuftAqS/g==
898915d7-73a7-4a3d-9023-6ff2bf0bb9fa	Libby.Weimann@yahoo.com	AQAAAAIAAYagAAAAEFfCkFZn8l0LhYOe0GavPrSLx4twsf0Fn3KOZL4QxL+TX2GgldMAGOj6fwRAIT0h3A==
c2f6a917-b8d2-49e2-8260-753bdd063577	Korey_Anderson@hotmail.com	AQAAAAIAAYagAAAAEJBuhtNchwSjZSEvQlP7tBRrtsGQLC2HKFEh9C6wTzaltJUu40IGz5EhdNYq1w6Meg==
80602f2c-e271-42e9-bdf5-48f803d53ae9	Marcel_Schamberger@hotmail.com	AQAAAAIAAYagAAAAEDbIdbjtgTws1PrOVlpnIl3h+n7FmSvyAQL/veFvxxRkyN/pntdyj438Oq5ryVnXQA==
6651a077-ea55-4e08-be71-348d1635d662	Johnpaul86@hotmail.com	AQAAAAIAAYagAAAAEBZ7SijS2rd+bmmxxPZr288lVrB6LlXJrA7ydzWTxYPjJtxkCirv9o0q3P7czg2v4A==
0e36f2cb-b753-4c60-9a31-0b1b3da9be9e	Darrel_Kemmer@gmail.com	AQAAAAIAAYagAAAAEGe3QBnoAx9qgG89UKIfMgY+iocuV95n4D69OzSc1U3817f6yWwJAA+wbFPy5G0n5g==
dd70ff36-b8cd-4c5b-a90d-bbcdf5d095c1	Pink11@gmail.com	AQAAAAIAAYagAAAAEKJIVwcwvU2rybg4iGfus3a4XACEuW1f8rGIxzTxMdmRcuy9I2Nmy13YLqZMtHqnBg==
89498868-01fd-434b-95b7-d08dc329eb5c	Louisa_Crona@yahoo.com	AQAAAAIAAYagAAAAEPvJ0i1vzzHo1wk6Vkf0TjA7ZzTQq5Tj7Iba8jNFVSeh+KD901u1uBsGnfw5UGzGpA==
3793391d-44c3-4804-b403-8b8d16fb1a28	Sydnie_Collier34@yahoo.com	AQAAAAIAAYagAAAAEEbXVLx6uukNIQroYeXl1RJoeMc9jV0tHGjB5PUfswXEwDyApKu40rbbl2KTZKht7A==
714a7fcd-26d2-4cc6-a0f6-82705de1651f	Amani_Lowe@gmail.com	AQAAAAIAAYagAAAAEBhOZERdlJWTYoG0IwwECTAcJrrB44FkLK8hb7ZpbGQkYzRHN2enAkO+yNwFzKjrIw==
4ce3786d-fce6-4d61-858a-6bea4bb58281	Citlalli.Kuphal@hotmail.com	AQAAAAIAAYagAAAAEHQqL4dk017bXeAZ/e4qtJjmdX3vKlEOe+OXpAr20oMf/3Wm6mt2A3ljt7TEx/SLDw==
3fad06d7-5fe4-421d-9cbe-88b68bf2b0fb	Mable38@gmail.com	AQAAAAIAAYagAAAAENaXH1zIiupIWiQEfpeuqsw329yuOiJOBiWF2N1NwklQcTqem6BB9AWSQqn8fFP0og==
28c38020-f54c-48db-9146-3337a8883a7d	Mitchell_King66@hotmail.com	AQAAAAIAAYagAAAAEAg//JomC4uEqnP5WECTZBu7nO8C540jcAlIrcyaGV9Kpm/m+fJ8JXAlHKPDWpnDVA==
64621c40-8221-4c61-94b7-3214e3c4303a	Emory_Grady74@gmail.com	AQAAAAIAAYagAAAAEFeQyqjzwJPKaUV/wwvqG3mK7pen2olrMJHyznEU4TfsafC29TgQOJqzKZzccZnIGQ==
dbd0b8b8-2d4c-4619-b512-b91872a5d871	Jennie.Schneider@yahoo.com	AQAAAAIAAYagAAAAEBI5QeAXgcCDaMKVQfLtTvpjJz2ttL9x99ylADdwPoH+yF5bsdX4+TWNseeYoKl2Vg==
e1d5c76f-1f86-4794-9b0b-bbb18bfac90d	Paris_Thiel71@yahoo.com	AQAAAAIAAYagAAAAEN1ml+ifyg3QjOuYfcrtGGvdfgmR0XsZj9Ki8iim0dEHYvNCwTR1y1ykAJ7QTncgTw==
45e04005-9f8d-47e8-9733-d99d933fe3c6	Brant.Stark@hotmail.com	AQAAAAIAAYagAAAAEKoedtPhp6QZgYCbHlXMoj5aDhhP2u0twXWDJwCBB6lJwEk+XyNrmqd8dYuvjH1AAA==
361c2140-b219-41a3-88de-13c6cee930a4	Reinhold_Nolan@yahoo.com	AQAAAAIAAYagAAAAELIKl/Fk5mbfpD2FshZlcHT+P6UsHFofbOCZDmG86Vz0dlHIi8hQjLeOqC6a0Mbg3A==
2001e0b5-4c33-42e3-bbcc-a9907a89bcac	Lera24@gmail.com	AQAAAAIAAYagAAAAENYLbndO43YzzN2w4K+e2/j3XbVQquN5PkQrfUW5XKb0YO1+jY68ztodwDeu4e1uTQ==
bd841cd3-900f-4630-94f2-cf0f95bd50a8	Briana_Daniel3@yahoo.com	AQAAAAIAAYagAAAAENEM9zYyKKmPRmc5dmApqhmN0rsTI3yzuBq1s3bL8soSG4Eh0o7hARXOFWYhE2qYPQ==
41249551-5b4a-4818-bddd-df6da3f10476	Juwan_Jast34@gmail.com	AQAAAAIAAYagAAAAEEVVmReMH+6OO4mGhXVNQ/LU4ZXOePnaT4FDociV8Y+AHJZXD2Kf7XVSES93Erss1g==
268eda2f-4754-44af-9ef0-dadc01b86038	Richie_Hodkiewicz42@yahoo.com	AQAAAAIAAYagAAAAEPOevKILHm0z/eS0NJocNVU+ui58ZVJmGe+6Lr1BZh5Nbcf4u2ldOTdn10h4pgwOiA==
84e4feac-36bd-42d5-9c9a-e13b6dfb21cb	Ezra.Sipes@gmail.com	AQAAAAIAAYagAAAAEPvfPLWzdsMFq8WohgQoqVWYaBJJnCghTQ1EQSdkgeqMLpM+1vjejIjch5EnRgT9kQ==
971fc2d8-db16-47ea-9c35-e87a8b8ed9fb	Mckenzie91@hotmail.com	AQAAAAIAAYagAAAAEPirL7FVgYtW/IAUAnTMv2/oxgbKYLI5ACtkIAye+/RGe4YWwCUiDLHifZtiWUiFEg==
ddcb9443-b9c4-4363-977c-fa881180bf2b	Ettie86@yahoo.com	AQAAAAIAAYagAAAAEKYzAVDUKDMqej1ka41RR2ICFu53t2bAnsMQrpQLyAqOhdMEM7C1hy2e/r7I2+4G+w==
201cbc67-13bb-4aec-b1c9-5fedfb4440e0	Casimer17@hotmail.com	AQAAAAIAAYagAAAAENnZmgQfX5T+/c0u8y2DU/ut1uqTrSnpqIK58Eb2eBhr2Zh2eL4NlQiRU8MxGLJEzw==
1dec04e0-31ac-42fd-903e-ef206572b636	Ocie90@yahoo.com	AQAAAAIAAYagAAAAENfAPhNYhPUZdQdNgMGptPP9jJl7TVAk5i8Tjn3tQCSJzuyTd7PUWuCO46YHqCTE6w==
9ddad4b0-72be-4233-883f-38428a7de0ab	Regan4@yahoo.com	AQAAAAIAAYagAAAAEPzlG+KXjIxOGWHkxZG5Jw6kSULd9Wz5ja/DH1+B2INrl71omDEy8MS1o8Tz3a++Xg==
78360961-42f6-4485-850f-5908d36a37cc	Linda86@gmail.com	AQAAAAIAAYagAAAAEPExFiYPkCsQJsIKtot35j1CX+v8YVHykPH6yL96yCGhRmNTdvaI7Lbe6jo1UxEzPA==
6f9a810d-afbc-4532-aa3c-9455ef906ee1	Eli_Durgan@gmail.com	AQAAAAIAAYagAAAAEORTK8SQrnfBpL5qiGD4azVph1/GGpbXV8NReRxuFdemO+VmYJOP8lns9cc+xcatiw==
1e07b60d-b162-4a38-b74e-d0ce2176679e	Cierra_Kunze@yahoo.com	AQAAAAIAAYagAAAAEDSgniFdNuO3F0LozXKmsp0IVi2u0CoJOqDt3Bf81oj5542iX/S6SF1vGfnGpWuA5w==
3f1cd9e4-b56a-4b15-af63-d5896f1e32ee	Eliseo_Kling@hotmail.com	AQAAAAIAAYagAAAAEERMPtgJdeClATuHO8nylVnzLLv1err6hsuIjlejFns+cNMEQAn7OG6kebNVAbOKiw==
49a72469-0bf0-42fc-b919-c75044a24087	Adan19@gmail.com	AQAAAAIAAYagAAAAEEhfAu86xjFOGQZihvGBmEmzRUqRz5mmu1LwKzDiUXFuSB64pOW8lM8QABdxT4uEog==
7d13573e-d0ec-4fca-81ff-7f0cf9596a42	Mellie.Tillman7@yahoo.com	AQAAAAIAAYagAAAAECz6/+YwfnWaren4bbrb3/N61vTBmKkXI7FlSSvDYxpuiuVEyNHLAleHI0PL1yXA8g==
accd7d2a-6bcf-448e-b564-16b56cbe0be3	Kaleb.Jones@yahoo.com	AQAAAAIAAYagAAAAEEupOMRvIBHtFNKM6lW6Qks1tKqH73F2FQXKflEXzN03wLige5AlS8A7BaK+U3WgyQ==
963aa0a3-c3ec-4e84-9bfa-1e03aa196715	Mike.Deckow@yahoo.com	AQAAAAIAAYagAAAAEMhGYWivFlAggcf3gEhs6nDao9bZIqUp3BKQdbGk03fcqLIXRpH49pVi8FmvewTLQQ==
15e6a30b-c3cb-4d72-bee0-96a998543614	Joshua87@hotmail.com	AQAAAAIAAYagAAAAEG4mf0+f8I/a/FIxmIWNieYSFwCtN7H93y+aQaaPuhxL5+8jdgkCWIhu8DD15tfGTw==
079e9875-b745-443f-bc8a-69665bb572ee	Lilian44@yahoo.com	AQAAAAIAAYagAAAAEBYQRcn/CTpomSUnykT2/ETK1vaw7QsOREwwRT9tz9Z1f4TQr3Xev/R4p2J2yNDXMg==
2a762c39-b548-421b-891e-1abf33036b4b	Patience_Mante@yahoo.com	AQAAAAIAAYagAAAAEFE7mXj1ClnrfF+9DoKs/00QF1ohh5/JEeqlf0OI7iKnFtfMM5zNVC8PC48AxyI0sw==
7c5e594d-6342-4031-b694-fe76d4454ebc	Ted.Denesik80@hotmail.com	AQAAAAIAAYagAAAAEEP4ST5Klbs2yIHGJwM9PkUMoNAvZpCZGy3yNXVL6sHW9n+jBbDN4eRKHIQpWsCo/Q==
13fa056a-48f5-4372-aa2d-3c4197b9faca	Viola.Mueller@hotmail.com	AQAAAAIAAYagAAAAEIGh2JkkO2JVhxsKiuQ/jEP/c5WjmQMi1xp+OBofu2XT5l0dWjqQt/RX22ujRtp7QA==
7f3afb82-cf0b-41d9-b2fb-c5b47fb1ef54	Emelia_Keeling@hotmail.com	AQAAAAIAAYagAAAAEJzk0Eb6psGIJttDop0CDBF5XaGR/Z+tBsznQl6PrJRwLp36Ve26dSChuC49BK4Xvg==
f2adcdbe-a62e-4b7d-b17f-1448d28559b3	Serena20@hotmail.com	AQAAAAIAAYagAAAAEEyUz/XfwmgJPnrugKzROFg5Tzq65xZDt6npFgpH7pqRo90N4v14kuVE+e13wihZvQ==
6306e6e6-3a26-4724-a27e-4bde214d2c40	Jessyca56@yahoo.com	AQAAAAIAAYagAAAAEOP4zxXesuxywA4BMIm9X3FGihqZ4EDjolvi3UJkYZn6lKhkYZsxV9tziKByGqJv2w==
5ac16f6d-fa48-4540-a83e-d10ad924f7bc	Laron96@hotmail.com	AQAAAAIAAYagAAAAEH5mn3D1pbmWAjsBEM+0gZ90dYa5vZ1U/jYF2d1hAGufaWXFXHTs8vhuY6+DWx/tTw==
7f0fb584-e34a-41bc-8fa8-9d9f8cf4a010	Katherine13@gmail.com	AQAAAAIAAYagAAAAEPp605JG8jY03+Xk1nmTonvVMEw33PJvNK7ojymfeziZjFo9S0nQPwbIpzQA2k34cw==
931879cb-a832-408c-aed5-4e76ee8fef1f	Dashawn.Simonis42@gmail.com	AQAAAAIAAYagAAAAEFREQV/p54LFhJRO2xz/ExMIDezGtzPvwTUk068cbu1RvXlldKIsvS/yWzpk+IzZlQ==
3f3e7210-8be8-4149-8eae-5ac8581ff9c6	Belle.Blanda44@hotmail.com	AQAAAAIAAYagAAAAEBsoBHTGNzdx+0l6Z1VUnXNuxY/kvBEisd5BzNqtfzjjkAlIZPolmOrukKMX1Vu90Q==
02a84d1c-5b12-4c7a-b8b4-0b055262664a	Helga_Kihn8@gmail.com	AQAAAAIAAYagAAAAEPFB+CdNi8pRYYd3sBNdYoPUBs+pHxBSozDV8vKKDazsl13dWMHSizs/mej02+I1iA==
21a5d70f-1f3e-4eb5-afd0-cbe58b51eaec	Maxie.Graham@hotmail.com	AQAAAAIAAYagAAAAEPjVuDnrW4PzF7NjIJTLPGb13nQXNwfJ2dgqE7voDcFTNH61WASHFiFg6eytvszJYA==
\.


--
-- TOC entry 3012 (class 0 OID 16501)
-- Dependencies: 206
-- Data for Name: verifications; Type: TABLE DATA; Schema: public; Owner: infinitynetUser
--

COPY public.verifications (id, token, code, expires_at, account_id, created_by, created_at, updated_by, updated_at, deleted_by, deleted_at, is_deleted) FROM stdin;
7a2ebb7e-c192-40ee-a3bc-016f66832b03	jnarxdy4rv22wghsybdfrkt8wkcq9p0s	827185	2025-07-17 10:20:44.640049	8febcf10-4332-4750-b0e8-3c64c7d204ad	\N	2024-10-19 19:52:13.925544	\N	\N	\N	\N	f
bfdb2c1a-2471-4293-bf8e-70f7ebb50206	n7wizjapno7y692o4hks5gdqgo2rk1a0	308134	2025-05-14 04:03:09.890797	8febcf10-4332-4750-b0e8-3c64c7d204ad	\N	2024-10-19 19:52:13.92578	\N	\N	\N	\N	f
3b042903-b54a-4976-94f9-69ef1193fa35	eaitcvy8kdfmbr0m3i7snq3nqhl3gw1v	889165	2025-02-12 05:16:39.323716	319e8c19-7e11-481a-bb57-c3c239af2209	\N	2024-10-19 19:52:14.00561	\N	\N	\N	\N	f
826ff75e-9ec5-4612-87df-363ae066dcc4	37jze8pizjohkz7xzmzfhamd10wfuhhi	961298	2025-06-24 22:39:56.070222	319e8c19-7e11-481a-bb57-c3c239af2209	\N	2024-10-19 19:52:14.005537	\N	\N	\N	\N	f
567729e3-f615-4a8a-897c-fa29fab43c86	g7qmmsxe5e4iwvysmn0l2n0mq45b5wwz	147646	2024-11-03 14:39:58.728685	2c230b5e-70ae-4dd0-98ce-503717219fea	\N	2024-10-19 19:52:14.083514	\N	\N	\N	\N	f
ed5f800a-e24c-4c69-bef8-3a1cc6e3f1bc	pny6odu6hg1mzfr68xr0rtk5byemnd25	451229	2025-01-21 08:17:46.243588	2c230b5e-70ae-4dd0-98ce-503717219fea	\N	2024-10-19 19:52:14.083583	\N	\N	\N	\N	f
67f24ac7-2879-45fa-86f1-c1b468e75b82	ulw1hq6p6r3m8uu1qiuz7tiv7jr33h7g	792730	2025-06-19 20:50:59.950964	2e6c3e34-b264-45f0-a9e8-5d3ead7e11ca	\N	2024-10-19 19:52:14.161918	\N	\N	\N	\N	f
b12e3f4a-8025-4247-87c4-83d4884659da	kyb8y7de305a9vegmvv9istj7wb03636	790603	2025-06-03 13:32:35.482404	2e6c3e34-b264-45f0-a9e8-5d3ead7e11ca	\N	2024-10-19 19:52:14.161991	\N	\N	\N	\N	f
c08a9cfe-0390-4546-88fa-bf8073a2f1f4	nousosv1lon109ih7vic8dtxde8ccq2b	611796	2025-01-26 20:21:12.375197	ab6792ec-7e4d-4abf-9c1e-a315d97c422d	\N	2024-10-19 19:52:14.243083	\N	\N	\N	\N	f
cff4c93c-68f4-4ab7-903d-1763dc899b13	2bi2qrd1b5080v9fqtdh4u2jl3wv9ue5	301369	2024-11-29 17:41:16.244223	ab6792ec-7e4d-4abf-9c1e-a315d97c422d	\N	2024-10-19 19:52:14.243006	\N	\N	\N	\N	f
0249544d-d037-45b2-80d4-e96c3d56a439	pcaao3u00lis257l5xe2pmffu4vlhshu	732571	2025-05-09 02:15:03.099622	120acdc1-8799-412b-8fc8-67addf841f25	\N	2024-10-19 19:52:14.324216	\N	\N	\N	\N	f
7b9fde21-8ae3-4859-8b88-86f93174e35d	jdrpukpw2s6trna0uon6l63oe28zaam5	610686	2024-10-25 15:12:04.360193	120acdc1-8799-412b-8fc8-67addf841f25	\N	2024-10-19 19:52:14.324293	\N	\N	\N	\N	f
134209ae-bfe2-4e2a-985b-a71b1be6bcd9	pn0rq8aivyqqp23ooyk9yq3w2fopctfp	431642	2025-05-28 08:32:42.331015	f47d785f-5652-45b9-b1ed-9bfddf7807cd	\N	2024-10-19 19:52:14.404117	\N	\N	\N	\N	f
3495bfb4-4ebc-4f4e-ad8e-32d8f9ea8425	wbpi0ca351vp1s1g0q8axajte20wymwe	697908	2025-01-21 12:02:17.2477	f47d785f-5652-45b9-b1ed-9bfddf7807cd	\N	2024-10-19 19:52:14.404028	\N	\N	\N	\N	f
5ffa199d-cf1d-4551-94ec-902abdd5a63f	m3zclj8yvfxc5x0d9c2b379abt79mmxp	147208	2025-05-06 11:45:34.694099	e641ea43-110f-49b7-b5b2-d115bbfd7168	\N	2024-10-19 19:52:14.484129	\N	\N	\N	\N	f
b325f37e-fec2-4a38-96c8-e1d39b3dcee5	f4fk8k7xui13hfl3wxuel4nuowholc6f	449849	2025-07-22 18:27:35.893019	e641ea43-110f-49b7-b5b2-d115bbfd7168	\N	2024-10-19 19:52:14.484203	\N	\N	\N	\N	f
76f84558-21f2-4e0e-b884-06b0d6f7de60	sfzxbna57mmgmlpuro48x4jf6lydk7oc	539650	2025-01-12 18:50:24.715813	f8c48d9c-5c29-4f8a-8b87-5c79a77b4bce	\N	2024-10-19 19:52:14.565534	\N	\N	\N	\N	f
9e773b54-1035-4cfe-9513-032da57b0c9d	lrme3fqf9epzmg8s52jggjb2pgbzs7s3	124496	2025-09-08 01:41:45.282287	f8c48d9c-5c29-4f8a-8b87-5c79a77b4bce	\N	2024-10-19 19:52:14.56546	\N	\N	\N	\N	f
1c6371d4-0cad-4f8c-b333-ce04941bac7e	0r6ss813ohjwh1s9jj1k9r2apyzo572g	319485	2024-12-14 08:12:48.162178	f99e97ca-a44a-4433-894f-3af63697fb2f	\N	2024-10-19 19:52:14.645479	\N	\N	\N	\N	f
876556cb-4ddb-4e3d-ae63-ecac9acd60af	a6nofq39d26xc0xazmesxb5pdd30aoi0	214142	2025-05-21 01:24:32.373373	f99e97ca-a44a-4433-894f-3af63697fb2f	\N	2024-10-19 19:52:14.645549	\N	\N	\N	\N	f
414806ca-6ec9-4800-bd2e-98fd9e159fdb	q5vh27h7674fpyqylfufnt4iv18k0ti2	589958	2025-09-05 12:57:37.857938	716b8355-1851-445e-b5c9-897643adf03a	\N	2024-10-19 19:52:14.727412	\N	\N	\N	\N	f
f496d7a5-8898-46e7-bcd7-78337c868862	iowtgb2sa6sk1vgsjkz1oibzvd3za5ud	543397	2025-03-25 01:14:53.01915	716b8355-1851-445e-b5c9-897643adf03a	\N	2024-10-19 19:52:14.727479	\N	\N	\N	\N	f
41b01e0e-e36c-4b74-ac5a-874954b01a96	qfenyg7bf1qtf0s1fnz50la0daof8gqp	967083	2025-02-20 02:31:10.715104	e6fb00e8-a0ee-460c-bb7d-e33e8189a780	\N	2024-10-19 19:52:14.806372	\N	\N	\N	\N	f
5ce76e43-d289-4a6e-a23a-430a1cec7bbd	dwkxnjx3q17oegge2le42092ev5vupb9	278666	2025-04-08 09:58:18.574564	e6fb00e8-a0ee-460c-bb7d-e33e8189a780	\N	2024-10-19 19:52:14.806297	\N	\N	\N	\N	f
8a181371-e834-4ce9-a9bd-c7d200b2aa40	5vy3i96h298ukeqdxgj0unvwuuomeh6t	785406	2025-08-16 06:38:08.584971	15d219ed-b4eb-46de-9f55-741dd7dcec62	\N	2024-10-19 19:52:14.883008	\N	\N	\N	\N	f
da133921-e897-4946-b0ea-bb2fa9cd287e	o82mbdt4xxhi83j6wvsvxgleu5kvqen1	518890	2025-09-15 06:22:40.113604	15d219ed-b4eb-46de-9f55-741dd7dcec62	\N	2024-10-19 19:52:14.882941	\N	\N	\N	\N	f
2dcf0e86-d9ae-4610-9a75-85f30c20585b	xjk74stircw5ptxwibnkn9y5y4vpe4ka	963795	2025-01-22 15:13:39.469872	29198ed7-c2be-46cd-a0ed-36bd6a05efbf	\N	2024-10-19 19:52:14.959629	\N	\N	\N	\N	f
b8cb7877-5e6f-4c50-bdc9-35da70a3fa27	i088anr5n4ab8dbc20wmz46o5yoarh78	391095	2025-02-04 13:38:51.840753	29198ed7-c2be-46cd-a0ed-36bd6a05efbf	\N	2024-10-19 19:52:14.959703	\N	\N	\N	\N	f
626cd6f9-d8d9-489d-89e2-d8b383bc2646	4z97nc7c0nj14cnr16dxji27fur3rxm8	120996	2025-06-20 20:11:27.431721	f1423b81-e629-47f3-96fd-6fc76e094f58	\N	2024-10-19 19:52:15.037636	\N	\N	\N	\N	f
f927d452-260b-441d-93c0-7c992a573723	zmh1wr8110443hw0agbjqm1zhihde6bq	596272	2025-08-14 19:25:02.045557	f1423b81-e629-47f3-96fd-6fc76e094f58	\N	2024-10-19 19:52:15.037575	\N	\N	\N	\N	f
ca8a40f0-bd42-433a-a3b7-27d399ef9b59	yzwwn1ghgodz6x21toxkex42c2izesct	494475	2025-09-29 08:15:57.108575	67bd2b8c-552a-4227-ab05-604f8f62a655	\N	2024-10-19 19:52:15.115045	\N	\N	\N	\N	f
e7b465d9-4a83-40ae-b492-75819571639e	zf8vv9l8sopg7qkaj2yghvpv0yc6j65z	381464	2025-05-10 21:20:01.811703	67bd2b8c-552a-4227-ab05-604f8f62a655	\N	2024-10-19 19:52:15.115106	\N	\N	\N	\N	f
0adb6ea2-fe9b-4710-ba37-81ad2149aa48	rnglr1cfr4mr7dhthkk75cqzqqdremr4	274984	2025-04-14 15:07:29.978644	d1c01a0d-0e17-4451-9da0-0b4e6579636a	\N	2024-10-19 19:52:15.195802	\N	\N	\N	\N	f
de2c6b5b-e990-4c84-8ce3-1a2137fa6ab1	6qzi9ar7px3a0ua5663x5hhewqttmlsu	501315	2024-12-25 15:32:07.842026	d1c01a0d-0e17-4451-9da0-0b4e6579636a	\N	2024-10-19 19:52:15.195901	\N	\N	\N	\N	f
79e889ca-1933-4e6c-9a9e-67d19df6accf	vei58lqm5u2i3daikb1tx1a63mcch1an	575619	2025-04-29 06:59:08.976969	822e7907-b1f2-4062-9070-b8acb5c3b29b	\N	2024-10-19 19:52:15.276098	\N	\N	\N	\N	f
99cfb5f2-2f33-4158-acbe-b18acb9a92d0	laof66wrw9pyqej7p1pnyh3gwhv49wjx	827400	2025-09-27 09:27:27.737013	822e7907-b1f2-4062-9070-b8acb5c3b29b	\N	2024-10-19 19:52:15.276042	\N	\N	\N	\N	f
df6d600a-14f6-4542-a445-6c04a8f5fb7b	cldtwkjj8vq92gkjt474m5oywii9ydd4	837014	2025-06-26 06:11:19.262387	d776b5c6-c7ca-4d5a-9fd3-6d2828447425	\N	2024-10-19 19:52:15.357056	\N	\N	\N	\N	f
e2457b1c-3ac2-4eae-ac47-8a32c7ec5e27	r9uiwctkzktlmotdzlvppzefr82khd2q	953620	2024-12-18 01:19:57.594479	d776b5c6-c7ca-4d5a-9fd3-6d2828447425	\N	2024-10-19 19:52:15.356993	\N	\N	\N	\N	f
68f70183-9d39-4180-9c2c-58aef8497f28	ogrqwycjyf8rtts2ryb937j5kzcx65gv	436901	2025-03-06 17:33:24.703612	6af636c4-96e4-4f9e-96a0-794dc6541dc3	\N	2024-10-19 19:52:15.43675	\N	\N	\N	\N	f
88ed3909-b16b-44fd-b15f-5285708d683b	gaoj565qau5fxdlb7ywevfkmv0cr3zxz	178686	2025-08-21 11:20:05.95505	6af636c4-96e4-4f9e-96a0-794dc6541dc3	\N	2024-10-19 19:52:15.436681	\N	\N	\N	\N	f
4a39478e-9f25-4890-bcc6-ba4de5e67124	sjl177j0y5vq5fv93q9qmn5z88f4xjdx	646545	2025-08-25 21:20:56.34476	b6a3426d-d4da-49e2-b18e-eb40caad3700	\N	2024-10-19 19:52:15.516549	\N	\N	\N	\N	f
4dcf9d48-7c99-417c-a9ad-97186ab53d30	vb05qgt5paghqf3qbncs9k6x5vobgnmq	853115	2025-04-28 14:05:18.411275	b6a3426d-d4da-49e2-b18e-eb40caad3700	\N	2024-10-19 19:52:15.516488	\N	\N	\N	\N	f
3fe00a3e-009d-4fc1-a801-a8cf139f6190	o2ff3pv0tm5m54ui57yn5sf16nwehb55	331815	2025-10-11 16:20:10.307692	c0f9ff94-a28c-4e9c-a2c7-720aca11e966	\N	2024-10-19 19:52:15.59607	\N	\N	\N	\N	f
504bac65-37e3-466f-8319-9399e1c6e718	m39njh7rnjvay7mm5nilp0vyetdqd9cg	577827	2025-02-19 20:30:42.396241	c0f9ff94-a28c-4e9c-a2c7-720aca11e966	\N	2024-10-19 19:52:15.596012	\N	\N	\N	\N	f
38ffd488-cf95-4f83-bed2-ace54cdc32f5	5c5qj2nswqu68yub1pwrwabzk1spvv6i	945315	2025-08-18 19:10:10.258962	b7fea93b-b368-4525-8fa3-cc0559c2447f	\N	2024-10-19 19:52:15.674204	\N	\N	\N	\N	f
90f57d2b-931e-46db-9b1e-1073cc5c01fe	stgdbhwdjm7fspsjhl1x8qxlhtali3fc	162167	2025-03-29 18:46:38.093884	b7fea93b-b368-4525-8fa3-cc0559c2447f	\N	2024-10-19 19:52:15.67427	\N	\N	\N	\N	f
94963aed-c971-423c-ae2a-6fed3878529a	8gw75148gg5qzaa3gyhs6m8jimq5i183	539474	2025-01-10 11:35:35.483244	dc2623fe-8a17-4340-abf9-d51a6e118efc	\N	2024-10-19 19:52:15.751891	\N	\N	\N	\N	f
f22b15fa-b6de-4cb0-9866-4c33304de1c1	rifm52fp5o1arsgim06b2ux5vqjpju47	852286	2024-10-20 06:10:21.95795	dc2623fe-8a17-4340-abf9-d51a6e118efc	\N	2024-10-19 19:52:15.751837	\N	\N	\N	\N	f
3cd89cc7-9acc-43b9-82bc-dea59332b4c2	axxwly3cv7j4r3x963xoe7mahb4ivtxz	639656	2024-11-07 12:55:21.6958	5960c661-acbe-40ae-8911-9ca1c668bb02	\N	2024-10-19 19:52:15.830856	\N	\N	\N	\N	f
939a79cf-81bc-4374-832a-b22ce46c1572	vayulfov3jqba7msrw33zzdg9jjl8fmr	640742	2024-11-23 05:52:31.240336	5960c661-acbe-40ae-8911-9ca1c668bb02	\N	2024-10-19 19:52:15.830807	\N	\N	\N	\N	f
4d63e6eb-0cdb-4dda-860f-e8a59234e07d	0ml0585nanaxkqlinokrqs8la2dq4xbb	995954	2025-05-08 08:58:11.663693	e7d2a4ad-4c9c-4900-89f8-6bbcdadd81ea	\N	2024-10-19 19:52:15.917575	\N	\N	\N	\N	f
b2be2a9e-e200-44b7-9d47-8dd7fff7995b	lry7kzijn3nt9sh69d2lwe15cls2saqd	343213	2025-06-14 13:37:06.951091	e7d2a4ad-4c9c-4900-89f8-6bbcdadd81ea	\N	2024-10-19 19:52:15.917527	\N	\N	\N	\N	f
99f59ad9-607a-446c-b85c-966f08fea21b	ehmxjxcjetpx9lu7oodpx2xxerbom3cd	751326	2025-09-05 04:08:26.279756	b6a46f96-c234-4a16-9417-cab2d8826b13	\N	2024-10-19 19:52:15.993892	\N	\N	\N	\N	f
e5a52d4d-e083-45fb-81a9-5f337d374c17	hzsvghmmovxie3fgreuzq132mtx4ev6y	162058	2025-05-01 18:15:48.345616	b6a46f96-c234-4a16-9417-cab2d8826b13	\N	2024-10-19 19:52:15.993939	\N	\N	\N	\N	f
8e32c2b5-5b84-4f8d-82a2-e98aa9a4ce6f	fjngleoqdgkrxseftp9q2x4fp4x7aar9	987211	2025-08-07 02:12:53.041104	afee2031-2add-4c5a-b960-f79ac7a80490	\N	2024-10-19 19:52:16.06947	\N	\N	\N	\N	f
9bd7ab43-2706-4b6d-a3dd-283d07aaf729	94keoebzybnhpsp3b1rrd2xqfiixtzyy	927568	2024-11-14 10:49:13.714109	afee2031-2add-4c5a-b960-f79ac7a80490	\N	2024-10-19 19:52:16.069519	\N	\N	\N	\N	f
31d2cd6c-c6c1-4556-a2ac-7041cb5d308e	s197f9ovm8pnaeymkx1iksj62131crlx	708114	2025-08-02 10:32:08.658797	6319f404-3c93-4b0c-8671-411ad83c16df	\N	2024-10-19 19:52:16.157757	\N	\N	\N	\N	f
52882e2a-67da-4ac7-8297-99cae7835740	z8wg2lxekb4lo3wf0igh9rbom7iniapx	524834	2025-04-13 06:40:19.872613	6319f404-3c93-4b0c-8671-411ad83c16df	\N	2024-10-19 19:52:16.157803	\N	\N	\N	\N	f
653cfa67-3996-4765-9128-622103455c72	zavm7p6tf8iproqfx7bvgt6zzz0bmh2b	262734	2025-05-23 12:12:20.528139	7f003833-3d8a-4f3c-9c18-7986180847e4	\N	2024-10-19 19:52:16.238405	\N	\N	\N	\N	f
dac324ef-1a50-4303-8624-9651748b04d0	gct9ba5vczvfami1sahe0drkiu4neif9	292928	2025-09-04 04:17:39.688472	7f003833-3d8a-4f3c-9c18-7986180847e4	\N	2024-10-19 19:52:16.23846	\N	\N	\N	\N	f
e2cbc20a-2d98-4ae6-9e5d-198e10606c06	g2k8rd7gfvep8sxwc2a5zi5rm4ptqp26	268119	2024-10-31 06:50:59.697393	b43eaefa-d7cf-4efb-a815-c640a3f38f74	\N	2024-10-19 19:52:16.31954	\N	\N	\N	\N	f
f9374abc-e33c-4c01-8ff6-d92aca4b69f2	5uygruic9qd56em9a4pdkip4kwefooow	667181	2024-11-17 21:16:30.045114	b43eaefa-d7cf-4efb-a815-c640a3f38f74	\N	2024-10-19 19:52:16.319488	\N	\N	\N	\N	f
227483a9-cced-43d7-adf0-626e6e340254	stvvh2a86pp8zzml3eiwlm9mhtkk0j79	610413	2025-03-06 07:46:12.860689	b94655f0-0941-4c62-b692-07ceec473e06	\N	2024-10-19 19:52:16.407017	\N	\N	\N	\N	f
49d9c574-79a7-4ed5-8489-72b97ed4ff5d	lhrrej1r42juhe544ysquuboczfzp1qh	585692	2025-07-24 08:24:15.311172	b94655f0-0941-4c62-b692-07ceec473e06	\N	2024-10-19 19:52:16.407102	\N	\N	\N	\N	f
64c9cf83-0986-46e0-a264-a7c839a81cb8	pa4e1rogni12grfhseo2fbzx8o5t0eru	590016	2025-07-03 05:37:21.750294	e79150a4-5947-4f5a-bda6-c9497b32d442	\N	2024-10-19 19:52:16.490202	\N	\N	\N	\N	f
74c955ab-17c7-4c40-b3bf-57ee1288350f	olwrbgsxbsz4mg5jevjnurpc3pt2u6g6	750606	2025-03-04 08:29:41.863526	e79150a4-5947-4f5a-bda6-c9497b32d442	\N	2024-10-19 19:52:16.49025	\N	\N	\N	\N	f
eefd29e4-826a-422c-9501-cbd04767d164	4p0343gfxbwu0mna2bszn6d003erk5tm	930897	2025-05-22 10:18:05.941933	bb373eb3-45a7-4f68-8ca5-fb1d24c546d0	\N	2024-10-19 19:52:16.574713	\N	\N	\N	\N	f
f0f1f6c1-28b1-4c17-b833-19233732c17a	80es9of0icbh6ijnn4d8x91vi4nv90ry	547826	2024-12-14 11:40:43.474811	bb373eb3-45a7-4f68-8ca5-fb1d24c546d0	\N	2024-10-19 19:52:16.574665	\N	\N	\N	\N	f
40de6e09-b888-4880-8247-a47974c4cb3a	sg1fubm11vrrjby6ni96pogd9y6t66f7	923294	2025-10-13 03:41:08.689233	8d7eb883-967f-47f7-8fe2-2f898a253886	\N	2024-10-19 19:52:16.656733	\N	\N	\N	\N	f
c6af0c9e-fdef-464c-ad20-1ee2f28930da	c3e87nfzs3661z18qsxscdn8tng2ghz5	955033	2025-03-20 08:59:17.695454	8d7eb883-967f-47f7-8fe2-2f898a253886	\N	2024-10-19 19:52:16.656669	\N	\N	\N	\N	f
219997b4-539e-4211-8c06-914012803d67	qohsun0uce309ih74s96luixj7hww8dr	823370	2025-02-27 15:52:37.774602	3abaecb3-ccee-4d77-8ca4-559e95866ff6	\N	2024-10-19 19:52:16.73915	\N	\N	\N	\N	f
f83e6feb-d8e3-453b-aa7d-2568fef66240	wvvc0jk3a6ygyfjhbmwddo6th8kndhi4	323211	2025-01-24 01:57:32.972722	3abaecb3-ccee-4d77-8ca4-559e95866ff6	\N	2024-10-19 19:52:16.739201	\N	\N	\N	\N	f
41bf2129-c1c2-404b-b920-18e67e77d7be	mxhz9e3yd1qitte64vrw3vw0pu6hrasn	619505	2025-10-06 06:39:59.770982	f8ebf6a1-45d5-4b39-a5fa-4c862867ee36	\N	2024-10-19 19:52:16.82339	\N	\N	\N	\N	f
53c263f4-9cae-41f3-8198-792873371fcb	t49j1y1c04wft3w5k44uv2d80aq4xzzb	221451	2025-09-30 19:51:15.916357	f8ebf6a1-45d5-4b39-a5fa-4c862867ee36	\N	2024-10-19 19:52:16.823342	\N	\N	\N	\N	f
95061452-10b6-4231-98ad-a7284e0f7067	apg66ndpfhdnvc0gjjz9s1og4d3qhfpj	400407	2025-08-23 23:07:44.020216	b7594574-0d60-4ffa-b14d-5917c719889b	\N	2024-10-19 19:52:16.903514	\N	\N	\N	\N	f
f4fc01e2-6cb6-478a-b72c-82550c5ef98d	s23ajfhyofh4sgmcammgqxguvjzhxbqd	363524	2025-04-22 12:11:01.735521	b7594574-0d60-4ffa-b14d-5917c719889b	\N	2024-10-19 19:52:16.903467	\N	\N	\N	\N	f
1df53305-ca8c-4b86-b0b0-5c8acdf0e213	999uf2q77zlaofrb4aa3rrc0kt2k8umm	764745	2025-05-20 05:06:35.083263	505e9c6b-9476-4fa8-a047-c2e58e6e4399	\N	2024-10-19 19:52:16.983684	\N	\N	\N	\N	f
b08fb6ae-2157-4530-930f-dcacb7184295	am909zi7un8f44wf95jkl159p6eu38q0	462051	2024-12-03 18:29:54.052948	505e9c6b-9476-4fa8-a047-c2e58e6e4399	\N	2024-10-19 19:52:16.983736	\N	\N	\N	\N	f
831493c4-0dbb-4802-945c-75da04dec94c	g435kais8563e6twsboc8zsz27kodoai	413688	2025-03-12 14:00:24.42341	ae722be5-bcc5-4822-b3a0-0a61b8a1f854	\N	2024-10-19 19:52:17.065751	\N	\N	\N	\N	f
9c7d8b39-37ae-4d4b-865e-1399bca01ad4	ym1tzuapq2xgavbmt62bgkmlbm5iyfon	224409	2025-08-16 14:31:54.386118	ae722be5-bcc5-4822-b3a0-0a61b8a1f854	\N	2024-10-19 19:52:17.065708	\N	\N	\N	\N	f
6fbcd443-dc0e-49ef-b422-6c3479b6e65f	ldn7eqm1o3s3ricr8oy4rm052xzqc7va	321562	2025-07-19 14:56:00.109902	4ff132d5-7e7b-4b81-b068-de2f5108f640	\N	2024-10-19 19:52:17.14293	\N	\N	\N	\N	f
a1f7ad45-3072-4f98-8743-7685d1a88c43	1tgctx63i1z8bjfntibhr0flxpfmctea	996436	2025-02-10 19:11:34.858202	4ff132d5-7e7b-4b81-b068-de2f5108f640	\N	2024-10-19 19:52:17.1429	\N	\N	\N	\N	f
4232f76a-60bc-49d8-9ed9-6c309283c63d	bxg4kbt4kmpgv6o6xbx7d9mtyfj2rjc7	212145	2024-11-21 23:36:33.910856	0afd67a8-9293-49d6-912a-9e89b50e12fb	\N	2024-10-19 19:52:17.215635	\N	\N	\N	\N	f
f5d8083e-4131-40ec-afa5-a572692cae72	5l9o83fjwibie1jd8jg4lzfrj4d3qlcr	613880	2025-02-03 05:03:17.962926	0afd67a8-9293-49d6-912a-9e89b50e12fb	\N	2024-10-19 19:52:17.215601	\N	\N	\N	\N	f
4903baa5-6342-4f7b-a1ec-34f87ff0b241	liqqg1cfnxe7ghbw0eaultrhrplosgne	725887	2025-08-24 11:17:50.009265	bb4ae276-884d-48cb-83fa-8f5b86893088	\N	2024-10-19 19:52:17.286916	\N	\N	\N	\N	f
bb53e381-61b6-4a6d-966a-93cb237bd3c4	1kpmpw7okn1pcg42fb64e81k3l1rnsrm	198308	2025-05-14 15:59:18.038118	bb4ae276-884d-48cb-83fa-8f5b86893088	\N	2024-10-19 19:52:17.286943	\N	\N	\N	\N	f
a69c2143-102b-4ff7-a040-f5b7a36388bf	y710vaeio0x2nxsfsrd4vdf0pymen47k	894551	2024-12-04 17:30:52.007449	97a977e7-ef81-4b31-9bd2-bd3c065dd17c	\N	2024-10-19 19:52:17.372208	\N	\N	\N	\N	f
c5e7edf1-7208-4b30-abdf-5eab7d380c71	ew7n3b892fig6g40rwgfdry3ce4o5qqt	119638	2025-05-15 18:51:02.249139	97a977e7-ef81-4b31-9bd2-bd3c065dd17c	\N	2024-10-19 19:52:17.372241	\N	\N	\N	\N	f
a5f5c82b-40d1-4fd5-9257-2cd2c5336080	2hm9gfyztk5p562iubwksfn4b9mln8u9	262498	2024-11-09 05:09:28.581423	dc15764e-3243-4597-a7ac-b83fb5054d08	\N	2024-10-19 19:52:17.453245	\N	\N	\N	\N	f
f1e5307f-a1f3-4559-8411-b7cc89295c66	8xy4g1fbl49zycai514n9gdjkkj5n76v	443645	2025-05-02 03:08:48.929789	dc15764e-3243-4597-a7ac-b83fb5054d08	\N	2024-10-19 19:52:17.453214	\N	\N	\N	\N	f
95416bb1-8983-455b-970f-ee2cd60bfe81	fo26y26vzginyhyv03vd41vffimsajvu	347708	2024-11-04 13:40:46.800251	2f70e59a-3802-4f5c-a6ef-25b2cdde4f33	\N	2024-10-19 19:52:17.530064	\N	\N	\N	\N	f
bf3b8132-ebcc-4256-a9e5-679907e20588	kp73jxdgq68ci6zv81eoqf249jkx6erk	427725	2024-11-25 20:57:47.14702	2f70e59a-3802-4f5c-a6ef-25b2cdde4f33	\N	2024-10-19 19:52:17.530033	\N	\N	\N	\N	f
2abe5bc4-f04d-4f11-b1b5-44bff233d6b3	wc1998o0l3bcsyo93864a1pq4frq8iql	994185	2025-10-13 09:26:03.588014	6d48e156-8327-48d6-91d9-61ce20e3125b	\N	2024-10-19 19:52:17.603724	\N	\N	\N	\N	f
3e2142d6-b370-493a-90e9-971b54e0064d	u3g5to40qu3dk9efc8deb72ll8vkpwr6	557098	2025-08-04 07:51:02.699939	6d48e156-8327-48d6-91d9-61ce20e3125b	\N	2024-10-19 19:52:17.6037	\N	\N	\N	\N	f
db6615b1-407e-45a4-b851-6c5ac66ff213	gwb46cq6g2pgmkk4c6vi0px3436w7c5s	566669	2024-10-30 00:41:55.007642	d827cd6e-7c6d-4b7d-b070-20492e078da5	\N	2024-10-19 19:52:17.676223	\N	\N	\N	\N	f
ec54649c-7208-4e01-b830-b0d66a41edcc	bobh31600msvtf5wk5pbuzr4x2udha76	168019	2025-02-18 03:25:21.323457	d827cd6e-7c6d-4b7d-b070-20492e078da5	\N	2024-10-19 19:52:17.676203	\N	\N	\N	\N	f
399cc4e6-d3f8-439f-a334-072f210e43db	zsuzi1aj8eamzbqh7535binul0pzx6ga	253111	2025-03-04 11:04:50.966611	4bbe97ff-9028-4030-967e-34d7eae8f332	\N	2024-10-19 19:52:17.748936	\N	\N	\N	\N	f
73296243-a0f3-4347-9acf-60b4454a29f4	23hevn2ffey7riekf4wtdcu05r5147tg	113902	2025-04-17 22:42:18.092392	4bbe97ff-9028-4030-967e-34d7eae8f332	\N	2024-10-19 19:52:17.748913	\N	\N	\N	\N	f
664a63b9-e772-4bcb-9ffb-f8135482ee8e	4vl7um28cccyqiq9j5n2sxzae11hj7jk	720673	2025-03-09 01:58:53.214698	374675e8-3e0e-4a90-a8bb-b361657a072e	\N	2024-10-19 19:52:17.822413	\N	\N	\N	\N	f
9d9f4758-85bf-4c8c-bc5f-6639b3206864	e6vgh7iugztljan0hzko0bl76598efbz	419778	2025-05-16 16:33:55.165777	374675e8-3e0e-4a90-a8bb-b361657a072e	\N	2024-10-19 19:52:17.82239	\N	\N	\N	\N	f
7774059a-d9a7-4f48-9a8f-f021a7a8b7de	hqmrfnoud6r6wrlf52cxpidp1fc8cyym	399022	2025-09-25 00:24:49.098189	66f850ce-2d21-43f2-a250-4d4ecdc8f2b0	\N	2024-10-19 19:52:17.894258	\N	\N	\N	\N	f
9b91eea8-963c-4289-bd49-9a02bb0b15e1	ly5qa8s0u44f7nz07rttlsh757d1ft6z	347369	2025-05-25 06:20:52.408698	66f850ce-2d21-43f2-a250-4d4ecdc8f2b0	\N	2024-10-19 19:52:17.894239	\N	\N	\N	\N	f
aade548c-35b7-49c8-95de-a433577d1152	ekqe4qn3fq9s18it9yyf3bl9zm3x8boy	917097	2025-04-25 20:17:22.892982	c54da6cd-1221-4147-ab17-0cd309e389e0	\N	2024-10-19 19:52:17.968381	\N	\N	\N	\N	f
f60c9924-c3a0-4086-b5fc-34f60eccabd5	q2kfcozlobh3a5rq9qb64qkjhmzv2p5z	364208	2025-05-14 01:50:38.087513	c54da6cd-1221-4147-ab17-0cd309e389e0	\N	2024-10-19 19:52:17.968359	\N	\N	\N	\N	f
1f074522-fd72-4329-ab4d-51f5f08a6603	2pc0zn8p3o7nq4qlly0yar7vpxmk9q7y	122119	2025-06-03 06:20:19.517971	9a6498c9-2787-4e17-851f-065ab6f9bc66	\N	2024-10-19 19:52:18.042111	\N	\N	\N	\N	f
f5ba1daa-83f6-407a-8507-e80d638d1d9f	wjqjo1fzr40kksot7jplf3n4th529xb5	743705	2025-01-27 22:56:12.97544	9a6498c9-2787-4e17-851f-065ab6f9bc66	\N	2024-10-19 19:52:18.042082	\N	\N	\N	\N	f
7dd77e53-a12b-4a72-afac-690d5f26a06c	507j5pwsk7qdbhipqz4ediahq7zxeij0	912444	2024-12-17 00:27:53.397881	aceaafa5-c9cb-4369-891a-613943345ca9	\N	2024-10-19 19:52:18.116337	\N	\N	\N	\N	f
8815f6bc-52e9-4b8f-b5b4-fc7da5246086	tzj9m1c3tf7qxd67meyfqp530h1melj1	783665	2024-11-30 20:49:15.000005	aceaafa5-c9cb-4369-891a-613943345ca9	\N	2024-10-19 19:52:18.116314	\N	\N	\N	\N	f
30ca7c79-5eb1-494a-9f4b-10249578e496	0d7cz3ww7tiu3tkehwzuiy2kqob7r6l6	455937	2025-03-18 09:09:49.685126	3054da29-a2e4-41b0-b7ac-9f3f4769e461	\N	2024-10-19 19:52:18.190987	\N	\N	\N	\N	f
4db6639b-3bf5-489d-971e-c6045febb4ba	8xw14u3u1dkwaayd44300l775zwod82m	401684	2025-07-12 19:56:02.47149	3054da29-a2e4-41b0-b7ac-9f3f4769e461	\N	2024-10-19 19:52:18.190965	\N	\N	\N	\N	f
e42c274d-6a1d-4d73-bc5a-211c7204c307	lbxvokzjinvemeazodcuttu0v6a2tg1s	588943	2025-06-10 16:25:53.731642	981b8729-a9e4-40c6-8056-a67972251f6e	\N	2024-10-19 19:52:18.267946	\N	\N	\N	\N	f
e58edb4b-7d38-434b-a1b4-058b3a0031f5	jciz4tt5qx1bqsp5qdmb63w29h4gkrkv	818834	2025-08-22 05:12:23.467632	981b8729-a9e4-40c6-8056-a67972251f6e	\N	2024-10-19 19:52:18.267971	\N	\N	\N	\N	f
877731dc-5d93-45b0-a347-97ccb82c8dd7	869k8p7iq9a5lquydxy9orcoeds5031f	254103	2025-09-09 02:34:33.276313	f7654fc7-97eb-4c4f-a339-3d0fa4590de3	\N	2024-10-19 19:52:18.341275	\N	\N	\N	\N	f
b6eeb65b-8890-4b1c-96f2-a0555cb53839	ljmpggavf6gfugrzg6653lpxvvmdy8eb	512256	2025-10-01 08:26:39.225235	f7654fc7-97eb-4c4f-a339-3d0fa4590de3	\N	2024-10-19 19:52:18.341249	\N	\N	\N	\N	f
371c8512-6a7d-4ced-ae02-302feb1f02b5	gvwbvp3ubrn9jl9b0figczmjg1co8928	290217	2025-09-30 15:43:56.676175	1adf0cd2-ed45-4722-9875-898a54b06b0b	\N	2024-10-19 19:52:18.413696	\N	\N	\N	\N	f
3baa679d-665b-4c39-bef0-a5ebe650459f	a3li2dibpviylo8islx1ad0211canz53	466970	2024-11-29 17:32:46.434282	1adf0cd2-ed45-4722-9875-898a54b06b0b	\N	2024-10-19 19:52:18.413718	\N	\N	\N	\N	f
0e9ef08a-ad2a-43de-8e10-1f0ea9d8c6fc	n1ll3e9ouvuzcv94kl4fppskpolgrvi8	108950	2025-04-16 02:43:57.34746	694020bc-a98b-4a12-93da-c9331c68619a	\N	2024-10-19 19:52:18.490668	\N	\N	\N	\N	f
d7b7b00c-b5b5-49ec-ac40-8dc06d05dc7b	w9v6tjxn9ykdfqk092wgkbj0prsebcaq	892437	2025-02-11 04:48:40.841192	694020bc-a98b-4a12-93da-c9331c68619a	\N	2024-10-19 19:52:18.490686	\N	\N	\N	\N	f
bc9153d8-630e-40c8-bce5-50622928e61c	q0bs5gq2zjdvlj19hzxoo3hdt435rtvf	366891	2024-12-13 08:37:06.986301	906912ce-7b26-4c40-a026-d144fc5c8723	\N	2024-10-19 19:52:18.561468	\N	\N	\N	\N	f
becfea11-6196-4103-9a0c-9ff9c6fb2205	rvn8tbm4pfxr8u0qn8sbf956ov0liwuc	461669	2025-07-11 20:52:52.043748	906912ce-7b26-4c40-a026-d144fc5c8723	\N	2024-10-19 19:52:18.561415	\N	\N	\N	\N	f
12704c4d-da19-410d-bded-ba40d89b41bf	9umyvrmb5ytpfix80qtninxbjx945qpw	643973	2025-08-08 10:17:18.400757	d69d03da-d18a-4556-838f-0c9c4d81656d	\N	2024-10-19 19:52:18.64884	\N	\N	\N	\N	f
2c732dad-2ede-456d-b64b-12a4788d8868	sto7f3ke0bok1or80mb68cflvwoalotn	338261	2025-10-08 06:48:49.985447	d69d03da-d18a-4556-838f-0c9c4d81656d	\N	2024-10-19 19:52:18.648866	\N	\N	\N	\N	f
31e7f379-2b22-458d-a48c-28a3b60513c7	2duhd2i53meaqnh8g3dwitdbg35wb2n7	596159	2025-02-16 02:19:20.715885	8c5bf892-39e3-4369-b889-a828b8278ddc	\N	2024-10-19 19:52:18.721499	\N	\N	\N	\N	f
61b1bfbd-4c2f-4fd4-bce8-fa492130d106	rvo1r8jv2ujqvufkf3sf28k75azklstc	442311	2025-01-31 09:46:17.176894	8c5bf892-39e3-4369-b889-a828b8278ddc	\N	2024-10-19 19:52:18.721479	\N	\N	\N	\N	f
587868a0-e3a1-4c95-aa22-b32d31a86315	xpu48h8ko94vtrgqjj88xofyyv475f66	511569	2024-12-28 20:42:21.354114	aea921e8-b5c7-4f97-a43e-afd464f25ec3	\N	2024-10-19 19:52:18.795274	\N	\N	\N	\N	f
cfe2330f-e4a7-415b-8acb-2afb1cf678e8	63go8rsveyftjtbr80lxrfupnvh5lmic	710933	2025-09-29 07:57:53.408411	aea921e8-b5c7-4f97-a43e-afd464f25ec3	\N	2024-10-19 19:52:18.795323	\N	\N	\N	\N	f
2a4c691f-507a-4831-8eb9-0514133f12bb	6slvym48dlr0v9fyg91l3gp2huzgonmo	656985	2025-01-21 19:39:39.910836	365bf22b-e9ec-49b2-a509-ce91ecb12a36	\N	2024-10-19 19:52:18.871131	\N	\N	\N	\N	f
f6ae05d3-6a2a-4d36-ae93-88e9ada22691	1gzylaa3rratvvdi6qwpxpaumf4ousmt	472803	2025-04-12 10:12:13.271024	365bf22b-e9ec-49b2-a509-ce91ecb12a36	\N	2024-10-19 19:52:18.871106	\N	\N	\N	\N	f
3314c602-3ca3-48c4-ab28-e86967c5d87d	ska334hqb12nsbx7vqqnntojikjyq9gj	738463	2025-03-16 23:27:48.859806	da569c42-3e83-47d7-9205-a23c3e1e34f3	\N	2024-10-19 19:52:18.944147	\N	\N	\N	\N	f
b759c83b-e2b4-4079-af17-93e0f6beea0c	enoq7nm2qlm4bw7mtqq1w86jfoubowmo	682695	2025-06-19 17:11:10.387647	da569c42-3e83-47d7-9205-a23c3e1e34f3	\N	2024-10-19 19:52:18.944173	\N	\N	\N	\N	f
09d2f657-8159-495d-8140-fc271a12e134	uv0hojssv8ai56lkn6wfsdqkbd7z9x62	780605	2025-05-22 04:40:09.400481	f1a9c58e-5689-4c55-8ec1-54ec35d288bf	\N	2024-10-19 19:52:19.017695	\N	\N	\N	\N	f
15e5fc14-36b8-477a-9dd1-d12ec2245242	qsy20jegz7fkcj4263mv6zsv1i2l5f8n	299035	2025-07-13 17:40:57.832681	f1a9c58e-5689-4c55-8ec1-54ec35d288bf	\N	2024-10-19 19:52:19.017718	\N	\N	\N	\N	f
5b9be560-7dac-406d-8714-6dc648d51d98	58ihgjr334quxe3gj0b45h9aa6tnfgfi	173771	2025-09-17 14:35:03.76574	88ea9d8d-9bf0-40ed-a794-32835eac461a	\N	2024-10-19 19:52:19.09151	\N	\N	\N	\N	f
bf1478a7-711d-40ff-8725-0abb1f62b22d	f2jl92eo1s819r4zmnrtzu9gkmeqbpzm	993804	2025-05-08 14:16:33.013965	88ea9d8d-9bf0-40ed-a794-32835eac461a	\N	2024-10-19 19:52:19.091536	\N	\N	\N	\N	f
352e16d5-e971-4ca7-bc68-0438c61097df	o9aslwa4bqdqcctjxy3ggwz9ji3tcg95	577727	2024-12-26 13:56:47.509294	988201d6-d08f-4276-a14e-b4a1e556a53d	\N	2024-10-19 19:52:19.162664	\N	\N	\N	\N	f
bf7072b0-1077-4f57-9dab-ab786686fbaf	9dqmo838lz5nrw6tnxne0yvorn8dro7z	746884	2025-02-13 18:46:09.772353	988201d6-d08f-4276-a14e-b4a1e556a53d	\N	2024-10-19 19:52:19.162689	\N	\N	\N	\N	f
5d199e18-1a40-479f-9439-7438ce315faf	pmip8enav1wlgui6kg5688e6otpvgffm	819924	2024-11-19 09:32:01.611486	48187f29-f9c6-431d-a0c3-86a6e54abeb4	\N	2024-10-19 19:52:19.235056	\N	\N	\N	\N	f
f8f14f65-2df9-41e4-a08f-24e476d09542	wdtf17d2qnd650xk0jnnke5raahw9bz3	804423	2025-04-01 00:21:05.672904	48187f29-f9c6-431d-a0c3-86a6e54abeb4	\N	2024-10-19 19:52:19.235033	\N	\N	\N	\N	f
7625ce0c-0cdf-4c06-a8cc-2c9256684888	jf2ktjbb7c3b969m8w8l83ql405sagpr	150736	2024-10-25 05:09:46.926127	aa223821-cdb2-4061-a4bc-55c2ef4f69d0	\N	2024-10-19 19:52:19.307114	\N	\N	\N	\N	f
eac498fb-ccd4-4453-bfb2-408fce954887	cwa8drsbhsdospa53ncqfl3sl0ehmi30	786271	2025-08-07 15:39:25.509395	aa223821-cdb2-4061-a4bc-55c2ef4f69d0	\N	2024-10-19 19:52:19.307091	\N	\N	\N	\N	f
534efe19-9d95-4f5c-9c3c-e00c5e758579	qiw92sie11b0zj2p11ojw4cyybvhjamm	943635	2025-04-10 12:10:19.340424	cc5755e6-f51c-45d4-b183-9821a5f92cc3	\N	2024-10-19 19:52:19.379839	\N	\N	\N	\N	f
ef4dcded-afa9-49cb-8145-5f31dc2299dd	801iongs5rwpghx2nbeuj7mb8h4iwrtv	428293	2025-06-26 13:18:10.212366	cc5755e6-f51c-45d4-b183-9821a5f92cc3	\N	2024-10-19 19:52:19.379862	\N	\N	\N	\N	f
47a2686a-c544-4fb4-9d17-5d557089f7bb	8f24340nql2vbtz9xd281ovp6dnm6cs2	944253	2025-01-20 12:26:04.079106	d220124c-a168-43b3-9668-83b91c086f48	\N	2024-10-19 19:52:19.451807	\N	\N	\N	\N	f
b6e3375a-de95-456c-b001-db5c94e65a6f	rspkk71kci4abfg1l7zgea6u5k8jn9w8	683518	2025-07-25 10:31:49.483596	d220124c-a168-43b3-9668-83b91c086f48	\N	2024-10-19 19:52:19.451832	\N	\N	\N	\N	f
7570635f-1b62-4b0d-822b-785201b9cff0	05hhmh38gw9zms6o2qrw6vmjvhn7stbw	320822	2025-06-27 00:15:28.32858	69914b7d-a41b-43ff-9419-b86ddc8d5cb1	\N	2024-10-19 19:52:19.522922	\N	\N	\N	\N	f
9b98e227-cb44-4eef-b06f-da14100ccb4d	8kpbcroprze82sssgbaao9vouhjza9dd	645454	2025-05-20 17:07:34.482791	69914b7d-a41b-43ff-9419-b86ddc8d5cb1	\N	2024-10-19 19:52:19.522896	\N	\N	\N	\N	f
939d2007-27ca-461f-9a1d-f0998d82c8f9	zvbjwj2akhpam4c8xl2r6ylf5p3wwi72	191944	2025-03-30 13:01:08.280833	ecfbb998-043f-40d3-af8c-c0a0cf04f57b	\N	2024-10-19 19:52:19.59417	\N	\N	\N	\N	f
ec4ed636-3f74-4097-baf2-9117cd3feed2	uhp49r0prg6mmzqjf6qtba1tgxvq1iwj	785276	2025-07-18 17:26:10.537252	ecfbb998-043f-40d3-af8c-c0a0cf04f57b	\N	2024-10-19 19:52:19.594192	\N	\N	\N	\N	f
5e598b10-0483-4418-b066-b887849820fd	rwyse26291q7h1c10jq60g11rn1ileds	360878	2025-05-07 23:56:25.33106	3d3cb675-d596-49aa-89af-61479d8c8e8d	\N	2024-10-19 19:52:19.665069	\N	\N	\N	\N	f
6aae6c3b-fa6e-437a-b0d5-47a7041c09d2	o6vjk1lwm0wk6mmrfyqji5ic5exznqqf	249601	2025-05-30 11:54:02.229952	3d3cb675-d596-49aa-89af-61479d8c8e8d	\N	2024-10-19 19:52:19.66509	\N	\N	\N	\N	f
3a70c394-cd86-4c70-aa0b-5606eba41d30	3qwyhlgyzolc8x2o1qiuneaxvcxkc675	541315	2025-09-23 12:20:54.845645	598ce1ed-f3e9-4bce-9c82-f3ee6b61cc1d	\N	2024-10-19 19:52:19.737379	\N	\N	\N	\N	f
6155fd8b-0a3b-4ed0-a8b8-29fb0fa1ce6b	5ric4telwg8206szy9w2cwu2x27bdf5l	278013	2025-05-26 19:18:01.894208	598ce1ed-f3e9-4bce-9c82-f3ee6b61cc1d	\N	2024-10-19 19:52:19.737399	\N	\N	\N	\N	f
023e8d06-6e03-41ba-9dd6-c7201995d560	2rle9btc0zzthokinu3z50cp4kvpwf9f	758634	2025-05-18 21:54:47.897459	ca904e4a-c67e-4811-8630-55cbb215c585	\N	2024-10-19 19:52:19.81013	\N	\N	\N	\N	f
c985a049-a5e1-40a0-95fe-c9e80a5cdc73	fu9xu6jn6xu3jsuytyserxwu1756maaa	557934	2025-06-11 12:25:22.514397	ca904e4a-c67e-4811-8630-55cbb215c585	\N	2024-10-19 19:52:19.810153	\N	\N	\N	\N	f
44ef8905-efe8-4554-86b5-ce30e32f8a69	r9w8kb3xrlgnx8sdzqwv4yfk78cti6t2	972882	2024-11-05 20:13:39.295509	5636c866-95c5-40c1-9fea-95267dbd8ee9	\N	2024-10-19 19:52:19.884631	\N	\N	\N	\N	f
ada17378-955f-4f02-bf74-31fd64296b0e	3c4lyun85r6iooknfxavtd2z5ja42oe1	825269	2025-06-28 02:14:35.058371	5636c866-95c5-40c1-9fea-95267dbd8ee9	\N	2024-10-19 19:52:19.884658	\N	\N	\N	\N	f
9d8e11a5-8d2b-41b6-bf5f-5dbdb3a2dc7c	vrtavzizoak6qfy3e0uqt3rvfvgfs7q9	531100	2025-08-22 02:54:09.679292	d34efe03-6baf-42df-8e7b-0418ac94c7f8	\N	2024-10-19 19:52:19.971576	\N	\N	\N	\N	f
e7e50ec7-bc6e-4940-a653-2e739cecdd32	bu4m6cuqfpv1iwj111ze21b11ovj4wu9	147608	2024-10-25 03:18:59.415096	d34efe03-6baf-42df-8e7b-0418ac94c7f8	\N	2024-10-19 19:52:19.971544	\N	\N	\N	\N	f
c0b555fd-89d0-4d92-b09a-eb99c3a5c783	l3ax5dl31sh9a5eb6takuhvoisqv1zm3	738805	2025-02-28 03:15:33.214997	9df8f4f1-1e5a-456d-8819-9584ff75446f	\N	2024-10-19 19:52:20.047033	\N	\N	\N	\N	f
debf6986-afa5-4853-8d91-c4cbb22ca94c	a0jf2dg3qxna0djeg2ufc0f3kuk7rpm4	216750	2025-08-26 18:51:04.343222	9df8f4f1-1e5a-456d-8819-9584ff75446f	\N	2024-10-19 19:52:20.046993	\N	\N	\N	\N	f
200330d0-b71d-49da-82a1-fca2818f0d60	v8oyzz0vo1d8t3ntudcgexj5sk7nkakg	275330	2025-01-27 04:01:34.097101	750f454e-4ce5-4cd7-8153-d345999b233b	\N	2024-10-19 19:52:20.121533	\N	\N	\N	\N	f
a8d9dc5e-b072-4f24-8860-443a5bae27f8	5qxvwziwjqs37dyj91pa1gim9l9vcsb9	223695	2025-07-02 13:21:14.125922	750f454e-4ce5-4cd7-8153-d345999b233b	\N	2024-10-19 19:52:20.121558	\N	\N	\N	\N	f
8315dbc6-f69b-4412-9688-2f13027d3afd	k9zdz0x5m5gylxazs4zih5he4kz4dvc3	167806	2024-12-13 20:34:59.022117	a40b73ce-5582-4014-8057-3cf690643a4d	\N	2024-10-19 19:52:20.194881	\N	\N	\N	\N	f
fa5d9996-42e9-464e-8810-f2909ca0e439	upcmqfyg2v30mjxhja9u3wwwrbmh7vkn	725908	2025-06-24 23:11:18.319959	a40b73ce-5582-4014-8057-3cf690643a4d	\N	2024-10-19 19:52:20.194839	\N	\N	\N	\N	f
44a4b41b-4139-44d5-9602-41169e6a18f8	yyqt8rnf7dngouygodd310ebt4feko4m	618005	2025-06-12 21:01:17.204676	60f90266-2cae-48bf-9396-e8395980e449	\N	2024-10-19 19:52:20.26815	\N	\N	\N	\N	f
843f57f6-0aa1-4763-a7bf-9fd67a58dd96	gifosw9rnh91e3a61l0snr5grpvx7fob	770677	2025-04-07 02:45:44.261185	60f90266-2cae-48bf-9396-e8395980e449	\N	2024-10-19 19:52:20.268177	\N	\N	\N	\N	f
ce151002-e027-47b5-95e5-52cc5d402ee9	qjvvfnkv6kunjg38p66c2j8h1nv3uqgn	358019	2025-07-28 01:25:22.623406	bcb42de0-64c2-4e11-890b-7b3de06d0924	\N	2024-10-19 19:52:20.341332	\N	\N	\N	\N	f
d1870db7-22d7-4de2-a31f-d91d16dd38c7	xe07ugh2y3x98fbpno38eddnxod5xiu5	883789	2025-04-19 18:23:53.448253	bcb42de0-64c2-4e11-890b-7b3de06d0924	\N	2024-10-19 19:52:20.3413	\N	\N	\N	\N	f
53c4d1e5-d3f4-47c1-83a5-7279a5098102	ue3xaabpff5hhtotpd9qn4mpjlh7paju	921649	2025-07-09 11:38:16.614439	80c16f07-671b-472d-be58-e5fd82bedce0	\N	2024-10-19 19:52:20.414174	\N	\N	\N	\N	f
7bb05a12-c57e-44ec-a259-ea4f5230cdcb	v2vjh3oo6mk52hmx1b7xxcqd6rolhkpj	474290	2025-08-25 12:55:01.328763	80c16f07-671b-472d-be58-e5fd82bedce0	\N	2024-10-19 19:52:20.414195	\N	\N	\N	\N	f
aa8b7a70-b857-438b-af6d-0802bc1d2db2	im8p3y8izfjv93k24ez8vzo94q45u7aq	212522	2024-11-08 06:05:06.271468	0ecdbfd7-a759-41de-81db-f550960f3f10	\N	2024-10-19 19:52:20.487797	\N	\N	\N	\N	f
b09d5829-e723-4f82-b972-c6c8c48a280b	cbak6uctu4bkmv40a8411e9qfcevfrrc	871710	2025-08-14 23:59:09.386495	0ecdbfd7-a759-41de-81db-f550960f3f10	\N	2024-10-19 19:52:20.487824	\N	\N	\N	\N	f
3f2f8581-7984-4405-930d-8468500f2529	u6sywybt7ut0edxsbsd3n9g5d7no5b6k	266828	2025-03-03 07:03:43.239585	20787148-8572-49d8-b47a-af278f91e43e	\N	2024-10-19 19:52:20.557384	\N	\N	\N	\N	f
8dec23eb-e9d0-4acc-89ae-c5ef0864a271	27npq0k5wp3duvidqwb5b0c0qxab9izc	397328	2024-11-05 04:44:59.432148	20787148-8572-49d8-b47a-af278f91e43e	\N	2024-10-19 19:52:20.55736	\N	\N	\N	\N	f
8c681c78-f337-4710-8bb6-0c7ed08be547	d041ha1ltdugar9623e50g4i4x8u25s0	394869	2025-09-18 02:26:26.011284	b56dfb50-cf66-498e-80b8-61876a9c4d92	\N	2024-10-19 19:52:20.631475	\N	\N	\N	\N	f
c4cba25d-0f05-455e-b710-e166ea873d0c	02tkzt6brft3g8amwv4ve0x197ocmss7	719648	2025-04-06 08:56:21.597472	b56dfb50-cf66-498e-80b8-61876a9c4d92	\N	2024-10-19 19:52:20.631443	\N	\N	\N	\N	f
c027d872-f99b-422a-8a49-06143a6ddf60	7hdjm1d823u02arig3ymh6gzwp53isz1	475878	2025-02-14 01:41:29.475374	fcc71ccd-758e-4034-bf88-b482c5accb65	\N	2024-10-19 19:52:20.705554	\N	\N	\N	\N	f
f90c283b-9bf5-4b5c-9d1a-db4713cde6d5	2sbtp4h0oesltvb0szqeliod140u7hwg	151137	2025-07-15 10:53:51.684093	fcc71ccd-758e-4034-bf88-b482c5accb65	\N	2024-10-19 19:52:20.705582	\N	\N	\N	\N	f
1f51c7de-0e2a-4e66-bdb6-623ef8281f79	x0e2f9o023qije6z78jl5jjt59fdwkcr	179501	2025-03-01 04:13:31.876271	e00a245f-4a75-4409-bf52-52b890381669	\N	2024-10-19 19:52:20.779705	\N	\N	\N	\N	f
9acbc115-fd12-4d0f-a8d6-e40253edc29c	b7w94ddulwj3t9ij8kweigs4p0z70l4j	504362	2025-05-10 02:21:30.292157	e00a245f-4a75-4409-bf52-52b890381669	\N	2024-10-19 19:52:20.779681	\N	\N	\N	\N	f
f734bd80-7f4f-4d91-93d5-7161fb06ecde	kvpf8utc5x86vfeov1r9qmecso9hrxnq	735498	2025-01-02 08:39:57.769572	2f7efcc1-14c0-4472-a742-1948dbea238f	\N	2024-10-19 19:52:20.852793	\N	\N	\N	\N	f
fa3d325a-6826-4d58-9e30-bbdb433f0c18	78y4dd88s5in3o0tzqrbl2drcbztudgv	789721	2025-09-23 17:10:47.779265	2f7efcc1-14c0-4472-a742-1948dbea238f	\N	2024-10-19 19:52:20.852819	\N	\N	\N	\N	f
bd81704e-602f-4df9-a332-6daf78a1f7c4	5bfimg3mjcv3qwou4vx0ja1q27qpan95	130684	2025-08-07 20:31:48.117199	41866800-c7ac-46ac-9cc8-a6190d3e47ce	\N	2024-10-19 19:52:20.925286	\N	\N	\N	\N	f
ddc6ac4d-bebf-4fe5-9fef-0f3e7c785dc1	d5bimlnl5z9i24s2o0qqlcmip2vqo0rr	277845	2024-12-18 00:35:13.38645	41866800-c7ac-46ac-9cc8-a6190d3e47ce	\N	2024-10-19 19:52:20.925312	\N	\N	\N	\N	f
443bb47e-f0e2-4974-ba06-81949ef82574	3iiokjn1gg76wwc0din2yv9g388ivxlp	823466	2025-08-20 15:21:26.641324	8ad2ca44-ff48-483b-9606-83fab43d97d8	\N	2024-10-19 19:52:20.997067	\N	\N	\N	\N	f
b9e978b0-8b79-4756-9f28-8838f14c39b9	xnwu1eouz0s5s8ficd3autv65slapdi3	818354	2025-07-11 14:01:20.677416	8ad2ca44-ff48-483b-9606-83fab43d97d8	\N	2024-10-19 19:52:20.997089	\N	\N	\N	\N	f
3a871531-443a-4aec-a0bd-24615a6b136e	3ki6xzmqpompidpqjvynmqjypbtzsynb	417741	2025-05-20 07:20:23.849084	d723eed5-78a1-4fab-9c9d-08efced4b861	\N	2024-10-19 19:52:21.067965	\N	\N	\N	\N	f
468cb996-fe43-497d-a29e-f402caa0c648	5dllvrynb38my8x2e7h9i8etviswgppb	925857	2025-07-23 10:40:43.348659	d723eed5-78a1-4fab-9c9d-08efced4b861	\N	2024-10-19 19:52:21.067943	\N	\N	\N	\N	f
6339d0e3-39fc-49eb-866f-e563d879f9eb	prdjouacs0rzn8vinws7d0olwkcplcbt	381852	2025-03-27 04:31:56.471639	19852718-0f5f-49a9-906e-906e3deda21a	\N	2024-10-19 19:52:21.140036	\N	\N	\N	\N	f
b28945be-057e-4129-8cee-1e9ce259362d	zyaabmbp974gpr0kqtwt6majanwpunsi	258279	2025-01-08 02:23:48.265465	19852718-0f5f-49a9-906e-906e3deda21a	\N	2024-10-19 19:52:21.140012	\N	\N	\N	\N	f
99106e0f-35a3-4b51-a2db-4e9ceab7c788	o9bld5dydy2q234akkgxcecxpk692yiv	596207	2025-01-15 18:27:44.896972	aa61d4be-936a-46ea-8176-83e0c09fb5cf	\N	2024-10-19 19:52:21.219227	\N	\N	\N	\N	f
e46290f4-cea8-415c-990e-3c33fc6ee157	zp0yn1ye1m7tplgdq7dltt898t2geepy	793289	2025-08-13 03:45:30.782902	aa61d4be-936a-46ea-8176-83e0c09fb5cf	\N	2024-10-19 19:52:21.219206	\N	\N	\N	\N	f
1e6d23a9-8091-4d7d-9d2e-1a538bc53daf	urmfrovrgbadccbd75vgvmvgdj4gm9fg	260588	2025-09-27 09:03:02.143724	8242c55f-d333-4a17-b709-18e5bc2cecc2	\N	2024-10-19 19:52:21.291201	\N	\N	\N	\N	f
61365761-7b67-43e3-96d0-01fd7475b316	gr9aoo3cqb1kbd9j6fh8uoo32rpcbif8	145877	2025-05-08 06:22:05.89577	8242c55f-d333-4a17-b709-18e5bc2cecc2	\N	2024-10-19 19:52:21.291178	\N	\N	\N	\N	f
3b866183-a786-41e7-b71f-cff87eb1e246	umde0eepe5pp2p4w788k8k2x3na3xebm	567398	2025-09-16 00:54:40.068788	3016ad78-7ee8-4015-85df-d0bb4636f142	\N	2024-10-19 19:52:21.362585	\N	\N	\N	\N	f
baf124fe-0ecc-46c6-81a2-8d11ef8090c8	x13ks5uk2wwfvwsa92h59nur191hhtlf	177380	2025-01-12 02:13:22.893063	3016ad78-7ee8-4015-85df-d0bb4636f142	\N	2024-10-19 19:52:21.362605	\N	\N	\N	\N	f
2e373e21-e094-4c1f-956f-873ce7226aa1	h1e1jkjhaf2p4hgif50y89ijs1vqvyxl	469993	2025-06-18 10:00:05.622461	0fbc3ba7-9a40-486d-8f7f-def74004317c	\N	2024-10-19 19:52:21.434556	\N	\N	\N	\N	f
d02c84a5-4113-4f14-8fdd-dd30ebf1c43d	ta24ko9ai9e031oyqkhlk78xvcmw2y78	737095	2025-05-26 18:08:46.138334	0fbc3ba7-9a40-486d-8f7f-def74004317c	\N	2024-10-19 19:52:21.434538	\N	\N	\N	\N	f
4a09851d-28e8-4abb-8804-b7cd2e51a621	7a5cq0dimr9lmtut2qsoyz3rel96cq7h	467161	2025-09-14 12:39:40.104527	26261306-88f5-4e8c-92fa-d96a825768d2	\N	2024-10-19 19:52:21.50648	\N	\N	\N	\N	f
85019d26-840f-40e1-8255-95f246f2c4a2	a0h8b9lyjzbgu2r98uoqxag2biz6rb0w	134856	2025-01-25 02:45:05.650946	26261306-88f5-4e8c-92fa-d96a825768d2	\N	2024-10-19 19:52:21.506504	\N	\N	\N	\N	f
\.

--
-- TOC entry 2867 (class 2606 OID 16495)
-- Name: account_providers PK_account_providers; Type: CONSTRAINT; Schema: public; Owner: infinitynetUser
--

ALTER TABLE ONLY public.account_providers
    ADD CONSTRAINT "PK_account_providers" PRIMARY KEY (id);


--
-- TOC entry 2864 (class 2606 OID 16490)
-- Name: accounts PK_accounts; Type: CONSTRAINT; Schema: public; Owner: infinitynetUser
--

ALTER TABLE ONLY public.accounts
    ADD CONSTRAINT "PK_accounts" PRIMARY KEY (id);


--
-- TOC entry 2872 (class 2606 OID 16515)
-- Name: facebook_providers PK_facebook_providers; Type: CONSTRAINT; Schema: public; Owner: infinitynetUser
--

ALTER TABLE ONLY public.facebook_providers
    ADD CONSTRAINT "PK_facebook_providers" PRIMARY KEY (id);


--
-- TOC entry 2874 (class 2606 OID 16525)
-- Name: google_providers PK_google_providers; Type: CONSTRAINT; Schema: public; Owner: infinitynetUser
--

ALTER TABLE ONLY public.google_providers
    ADD CONSTRAINT "PK_google_providers" PRIMARY KEY (id);


--
-- TOC entry 2877 (class 2606 OID 16538)
-- Name: local_providers PK_local_providers; Type: CONSTRAINT; Schema: public; Owner: infinitynetUser
--

ALTER TABLE ONLY public.local_providers
    ADD CONSTRAINT "PK_local_providers" PRIMARY KEY (id);


--
-- TOC entry 2870 (class 2606 OID 16505)
-- Name: verifications PK_verifications; Type: CONSTRAINT; Schema: public; Owner: infinitynetUser
--

ALTER TABLE ONLY public.verifications
    ADD CONSTRAINT "PK_verifications" PRIMARY KEY (id);


--
-- TOC entry 2865 (class 1259 OID 16544)
-- Name: IX_account_providers_account_id; Type: INDEX; Schema: public; Owner: infinitynetUser
--

CREATE INDEX "IX_account_providers_account_id" ON public.account_providers USING btree (account_id);


--
-- TOC entry 2875 (class 1259 OID 16545)
-- Name: IX_local_providers_email; Type: INDEX; Schema: public; Owner: infinitynetUser
--

CREATE UNIQUE INDEX "IX_local_providers_email" ON public.local_providers USING btree (email);


--
-- TOC entry 2868 (class 1259 OID 16546)
-- Name: IX_verifications_account_id; Type: INDEX; Schema: public; Owner: infinitynetUser
--

CREATE INDEX "IX_verifications_account_id" ON public.verifications USING btree (account_id);


--
-- TOC entry 2878 (class 2606 OID 16496)
-- Name: account_providers FK_account_providers_accounts_account_id; Type: FK CONSTRAINT; Schema: public; Owner: infinitynetUser
--

ALTER TABLE ONLY public.account_providers
    ADD CONSTRAINT "FK_account_providers_accounts_account_id" FOREIGN KEY (account_id) REFERENCES public.accounts(id) ON DELETE CASCADE;


--
-- TOC entry 2880 (class 2606 OID 16516)
-- Name: facebook_providers FK_facebook_providers_account_providers_id; Type: FK CONSTRAINT; Schema: public; Owner: infinitynetUser
--

ALTER TABLE ONLY public.facebook_providers
    ADD CONSTRAINT "FK_facebook_providers_account_providers_id" FOREIGN KEY (id) REFERENCES public.account_providers(id) ON DELETE CASCADE;


--
-- TOC entry 2881 (class 2606 OID 16526)
-- Name: google_providers FK_google_providers_account_providers_id; Type: FK CONSTRAINT; Schema: public; Owner: infinitynetUser
--

ALTER TABLE ONLY public.google_providers
    ADD CONSTRAINT "FK_google_providers_account_providers_id" FOREIGN KEY (id) REFERENCES public.account_providers(id) ON DELETE CASCADE;


--
-- TOC entry 2882 (class 2606 OID 16539)
-- Name: local_providers FK_local_providers_account_providers_id; Type: FK CONSTRAINT; Schema: public; Owner: infinitynetUser
--

ALTER TABLE ONLY public.local_providers
    ADD CONSTRAINT "FK_local_providers_account_providers_id" FOREIGN KEY (id) REFERENCES public.account_providers(id) ON DELETE CASCADE;


--
-- TOC entry 2879 (class 2606 OID 16506)
-- Name: verifications FK_verifications_accounts_account_id; Type: FK CONSTRAINT; Schema: public; Owner: infinitynetUser
--

ALTER TABLE ONLY public.verifications
    ADD CONSTRAINT "FK_verifications_accounts_account_id" FOREIGN KEY (account_id) REFERENCES public.accounts(id) ON DELETE CASCADE;


-- Completed on 2024-10-19 15:58:11 UTC

--
-- PostgreSQL database dump complete
--

