--
-- PostgreSQL database dump
--

-- Dumped from database version 12.20 (Debian 12.20-1.pgdg110+1)
-- Dumped by pg_dump version 12.20

-- Started on 2024-10-19 15:56:36 UTC
\c profile_service_db

SET statement_timeout = 0;
SET lock_timeout = 0;
SET idle_in_transaction_session_timeout = 0;
SET client_encoding = 'UTF8';
SET standard_conforming_strings = on;
SELECT pg_catalog.set_config('search_path', '', false);
SET check_function_bodies = false;
SET xmloption = content;
SET client_min_messages = warning;
SET row_security = off;

--
-- TOC entry 2 (class 3079 OID 16404)
-- Name: uuid-ossp; Type: EXTENSION; Schema: -; Owner: -
--

CREATE EXTENSION IF NOT EXISTS "uuid-ossp" WITH SCHEMA public;


--
-- TOC entry 2997 (class 0 OID 0)
-- Dependencies: 2
-- Name: EXTENSION "uuid-ossp"; Type: COMMENT; Schema: -; Owner: 
--

COMMENT ON EXTENSION "uuid-ossp" IS 'generate universally unique identifiers (UUIDs)';


SET default_tablespace = '';

SET default_table_access_method = heap;

--
-- TOC entry 205 (class 1259 OID 16557)
-- Name: page_profiles; Type: TABLE; Schema: public; Owner: infinitynetUser
--

CREATE TABLE public.page_profiles (
    id uuid NOT NULL,
    owner_id uuid NOT NULL,
    name character varying(100) NOT NULL,
    description text
);


ALTER TABLE public.page_profiles OWNER TO "infinitynetUser";

--
-- TOC entry 204 (class 1259 OID 16552)
-- Name: profiles; Type: TABLE; Schema: public; Owner: infinitynetUser
--

CREATE TABLE public.profiles (
    id uuid NOT NULL,
    picture_id uuid,
    cover_picture_id uuid,
    type integer NOT NULL,
    created_by uuid,
    created_at timestamp without time zone NOT NULL,
    updated_by uuid,
    updated_at timestamp without time zone,
    deleted_by uuid,
    deleted_at timestamp without time zone,
    is_deleted boolean NOT NULL
);


ALTER TABLE public.profiles OWNER TO "infinitynetUser";

--
-- TOC entry 206 (class 1259 OID 16570)
-- Name: user_profiles; Type: TABLE; Schema: public; Owner: infinitynetUser
--

CREATE TABLE public.user_profiles (
    id uuid NOT NULL,
    account_id uuid NOT NULL,
    username character varying(50) NOT NULL,
    mobile_number character varying(50) NOT NULL,
    first_name character varying(50) NOT NULL,
    middle_name character varying(50),
    last_name character varying(50) NOT NULL,
    birthdate date NOT NULL,
    gender integer NOT NULL,
    bio text
);

ALTER TABLE public.user_profiles OWNER TO "infinitynetUser";

--
-- TOC entry 2990 (class 0 OID 16557)
-- Dependencies: 205
-- Data for Name: page_profiles; Type: TABLE DATA; Schema: public; Owner: infinitynetUser
--

COPY public.page_profiles (id, owner_id, name, description) FROM stdin;
090f17ec-acbf-4c2b-af7f-fb9edd0df6e0	822e7907-b1f2-4062-9070-b8acb5c3b29b	Goldner - Hahn	Voluptas accusantium explicabo laboriosam omnis dolor.
0c99bce5-cd68-4e5a-89dd-1f0c874791e2	dc15764e-3243-4597-a7ac-b83fb5054d08	Upton Group	Sed nam voluptas qui debitis reprehenderit quia sed quisquam.
1090d13e-029f-487a-93e3-b028d0bce1ae	e7d2a4ad-4c9c-4900-89f8-6bbcdadd81ea	Leuschke, Toy and Weber	Eius minus accusamus ut dolorum velit amet.
10eaaa2a-7b4d-4e6d-8e0c-01b95de6c2de	b94655f0-0941-4c62-b692-07ceec473e06	Toy - Botsford	Voluptatem tempore molestiae et error harum repellat ea sapiente nostrum.
12c6eace-c7e9-40c5-8439-e6692d40ef3f	b7fea93b-b368-4525-8fa3-cc0559c2447f	Bartell - Goodwin	Veritatis explicabo nisi consequatur ut.
147f3c06-d0b9-4a96-b4b5-b2cb620564e1	fcc71ccd-758e-4034-bf88-b482c5accb65	Daugherty, Doyle and Tremblay	Earum ratione aut excepturi.
148e75f7-bb0e-4719-be0a-45273321600b	20787148-8572-49d8-b47a-af278f91e43e	Hauck - Medhurst	Quo eligendi quia facere nostrum repudiandae.
1518f0d5-f074-42e5-80b9-22be2d74ac5a	716b8355-1851-445e-b5c9-897643adf03a	Kunde, Mraz and Wisozk	Tenetur iusto consequatur iure ut qui vel amet maiores tenetur.
17dfc1ae-d1d1-4ce9-bf47-496f265b7377	3d3cb675-d596-49aa-89af-61479d8c8e8d	Bruen, Considine and Nikolaus	Sit ratione illo iusto.
18ca718a-ac1c-4c95-99fa-952018c45180	981b8729-a9e4-40c6-8056-a67972251f6e	Smith, Reynolds and Graham	Maiores neque adipisci molestiae.
1a688909-c789-4a5f-bad1-ea379adb6795	b94655f0-0941-4c62-b692-07ceec473e06	Kautzer, Barrows and Ernser	Aut aspernatur numquam rerum rem voluptatem sint sit fugiat.
1dbfb946-89ca-42d9-a7a7-02de071ace64	2e6c3e34-b264-45f0-a9e8-5d3ead7e11ca	Torp - Morissette	Quia explicabo quia praesentium ex amet provident perferendis maxime nobis.
26d6acc1-7fba-4e24-8be2-d0c3e30c61dc	f8c48d9c-5c29-4f8a-8b87-5c79a77b4bce	Friesen Group	Non qui eum consequatur necessitatibus voluptas magnam eius.
26e7bf2c-4ed7-408f-a3c1-b89b6e0fffac	3abaecb3-ccee-4d77-8ca4-559e95866ff6	Mohr Group	Laborum asperiores nostrum perferendis deleniti.
2d50cf81-2121-4d99-afa7-32176e895ad7	0fbc3ba7-9a40-486d-8f7f-def74004317c	Morar and Sons	Nemo ipsum aut.
36bcd6ee-69c9-4f50-8679-2d8d5db4caf9	716b8355-1851-445e-b5c9-897643adf03a	Pacocha - Lowe	Laboriosam ut facilis nisi nesciunt.
3a8a6697-bc5c-4f42-8db6-82153212aeea	ecfbb998-043f-40d3-af8c-c0a0cf04f57b	Graham Inc	Earum et dolorum officiis qui qui dolor enim.
3b9f10c5-e0fd-4a61-a745-87b3dce29887	8ad2ca44-ff48-483b-9606-83fab43d97d8	Collier, Stoltenberg and Muller	Ut quo libero mollitia.
3eb11e9f-dedd-47f5-b22f-3cd3644da12f	3016ad78-7ee8-4015-85df-d0bb4636f142	Stamm, Schmitt and Satterfield	Est et ut id voluptas eaque nam ab et.
4168d4d9-108a-4f5d-8ab9-879acc7defdc	0ecdbfd7-a759-41de-81db-f550960f3f10	Cartwright, Lesch and Ratke	Autem ut autem amet modi voluptas impedit esse.
435ace07-7bc7-4296-b6aa-30106a123ac0	2c230b5e-70ae-4dd0-98ce-503717219fea	Rippin - Grimes	Facilis molestiae ipsam officia tempore optio animi modi.
4c7fa865-15cf-4a99-ac25-d4e4cbaeb01c	f1423b81-e629-47f3-96fd-6fc76e094f58	Kutch - Rippin	Sunt incidunt voluptas quas voluptatum ipsum rerum sit distinctio rerum.
4fe0e442-5a58-4f9f-941d-833bf02f3339	598ce1ed-f3e9-4bce-9c82-f3ee6b61cc1d	Yundt, Mayert and Cummerata	Error non nihil.
59756c8f-48a2-4094-9ee6-5facf552b71d	b7fea93b-b368-4525-8fa3-cc0559c2447f	Rosenbaum, Friesen and Hyatt	Et hic et ipsa velit qui.
67b8a801-e177-4338-8e1a-7317ef98d216	8c5bf892-39e3-4369-b889-a828b8278ddc	Carter - Toy	Dolor perferendis maiores tempora recusandae quo et quo similique.
68c8a019-a07c-4767-91a8-7a4a1fbc9642	2e6c3e34-b264-45f0-a9e8-5d3ead7e11ca	Braun Inc	Vel molestiae officia qui tenetur rerum maiores voluptates et.
6c51e2a8-b2dc-40f1-8586-eb4119083ecf	822e7907-b1f2-4062-9070-b8acb5c3b29b	Robel - Schinner	Et aut sit est facere velit enim deleniti reiciendis.
6da610a1-62ec-4ab1-8474-7fd1044f330a	d776b5c6-c7ca-4d5a-9fd3-6d2828447425	Fay, Krajcik and Krajcik	At architecto ea dolores nisi.
76a183b5-ebfc-4311-adb8-c40449580bf5	6af636c4-96e4-4f9e-96a0-794dc6541dc3	Bernier - Hirthe	Voluptatem sunt facere consectetur fuga velit voluptates molestiae dolorem sunt.
7b61e659-5d64-4fe8-b35c-b107d60be4a6	c0f9ff94-a28c-4e9c-a2c7-720aca11e966	Kshlerin, Kulas and Strosin	Enim inventore minus ut et ratione totam sapiente.
855cbeea-d02b-4e09-a355-edff782f8499	8c5bf892-39e3-4369-b889-a828b8278ddc	Gibson LLC	Omnis eius velit ipsa.
8b435e2a-3fbb-42ab-8644-ce5d40d85643	d723eed5-78a1-4fab-9c9d-08efced4b861	Frami Group	Veritatis est sit et molestiae quis ea aliquam distinctio.
8ffc9ff6-bb90-4ade-931d-f111075fcc07	b6a46f96-c234-4a16-9417-cab2d8826b13	Trantow - Koch	Sint tempora aut error quia.
91ea986e-c6bf-45db-bdb6-8cf01428fef8	b43eaefa-d7cf-4efb-a815-c640a3f38f74	Bins and Sons	Dolorem eos eos cupiditate quo porro aut eius.
94f79f1d-3a22-449e-866e-de9d864bf8b0	aceaafa5-c9cb-4369-891a-613943345ca9	Kerluke, Graham and Dare	Magni voluptate quod officia aliquid voluptas.
97811dca-f6c0-490b-892c-a7860c942ed4	8d7eb883-967f-47f7-8fe2-2f898a253886	Macejkovic Group	Voluptatem hic enim quasi maiores.
9aefd7eb-c580-4ac2-a72c-a36f12b10a92	1adf0cd2-ed45-4722-9875-898a54b06b0b	Von, Gerlach and Kemmer	Consequuntur perspiciatis sint aliquam assumenda atque est est et quia.
9e612e81-041e-4ba9-9b86-60851ab3b2fb	2f7efcc1-14c0-4472-a742-1948dbea238f	Wilkinson LLC	Quos quam ducimus repellendus enim qui.
a4256c6e-0048-44bb-9a5e-69f67d842778	d1c01a0d-0e17-4451-9da0-0b4e6579636a	Johnson and Sons	Sint quo ipsa accusantium adipisci est.
a548bee1-4a8c-4c50-aa5f-0eb84d063cc5	d827cd6e-7c6d-4b7d-b070-20492e078da5	Koss, Ruecker and Herzog	Quasi quos architecto et.
aaea4d57-677c-4529-afe3-287ef1e688ba	b7fea93b-b368-4525-8fa3-cc0559c2447f	MacGyver - Herman	Consequuntur velit nulla qui.
ab0d3ab7-3b7c-4054-b042-4cc2303d25f1	8c5bf892-39e3-4369-b889-a828b8278ddc	Altenwerth, Heathcote and Nienow	Minima quibusdam dolorum nihil.
b66f6642-a5c6-46ab-b562-a45ac519a6aa	8ad2ca44-ff48-483b-9606-83fab43d97d8	Jerde - Nikolaus	Temporibus voluptatum vero iure sed ad culpa voluptatem laudantium veniam.
c1863565-6695-4bec-b617-38e9182947e8	3d3cb675-d596-49aa-89af-61479d8c8e8d	Stoltenberg - Kulas	Quod labore animi et voluptatem.
d1af73b6-6733-4e37-85d9-4de32d2a51c2	f8c48d9c-5c29-4f8a-8b87-5c79a77b4bce	Wiza Group	Magni aut quibusdam unde consequatur quas eligendi velit necessitatibus.
d2671912-6d5c-4ad8-890b-671eddc15859	69914b7d-a41b-43ff-9419-b86ddc8d5cb1	Murray and Sons	Vitae at et vero doloribus dolorem voluptate aliquid repudiandae nisi.
e9dd5ea5-b5c2-4fc2-a37e-3bf20bf1890c	b7fea93b-b368-4525-8fa3-cc0559c2447f	Effertz, Hagenes and Barton	Libero libero rem cupiditate sint quis maiores consequatur.
ebbaf40e-a9a1-47e4-bb8a-6899fb2dd243	69914b7d-a41b-43ff-9419-b86ddc8d5cb1	Predovic Group	Id eum facilis odio id eum.
f0809579-4622-4812-9da3-6b583378dfa8	e641ea43-110f-49b7-b5b2-d115bbfd7168	Kuphal Inc	In odio blanditiis qui.
f71ef52d-5e00-443e-8cb5-b896e00e0057	0fbc3ba7-9a40-486d-8f7f-def74004317c	Turcotte and Sons	Quam similique sed ipsam.
\.


--
-- TOC entry 2989 (class 0 OID 16552)
-- Dependencies: 204
-- Data for Name: profiles; Type: TABLE DATA; Schema: public; Owner: infinitynetUser
--

COPY public.profiles (id, picture_id, cover_picture_id, type, created_by, created_at, updated_by, updated_at, deleted_by, deleted_at, is_deleted) FROM stdin;
001b466d-90ee-4f3e-9cea-6f94f7b4c1d5	\N	\N	1	66f850ce-2d21-43f2-a250-4d4ecdc8f2b0	2024-10-19 19:53:02.265681	\N	\N	\N	\N	f
00c05513-4129-4aa6-b79e-983ff13574fc	\N	\N	1	319e8c19-7e11-481a-bb57-c3c239af2209	2024-10-19 19:53:02.265405	\N	\N	\N	\N	f
07f86036-511f-47d1-b7b7-4543b2eb3303	\N	\N	1	2e6c3e34-b264-45f0-a9e8-5d3ead7e11ca	2024-10-19 19:53:02.265315	\N	\N	\N	\N	f
09f405ed-f0c6-422c-847f-0e24f7c74aef	\N	\N	1	b7fea93b-b368-4525-8fa3-cc0559c2447f	2024-10-19 19:53:02.266327	\N	\N	\N	\N	f
0b996fe8-4582-412b-adfb-6fa402c25bf4	\N	\N	1	ab6792ec-7e4d-4abf-9c1e-a315d97c422d	2024-10-19 19:53:02.266148	\N	\N	\N	\N	f
134e6153-f93b-4592-8bd7-ae30e9321017	\N	\N	1	dc2623fe-8a17-4340-abf9-d51a6e118efc	2024-10-19 19:53:02.26665	\N	\N	\N	\N	f
13ba9424-00b3-40a6-92c8-a9426207a2d9	\N	\N	1	d723eed5-78a1-4fab-9c9d-08efced4b861	2024-10-19 19:53:02.266555	\N	\N	\N	\N	f
143437a3-503e-4e95-911d-4c6571ddea8e	\N	\N	1	374675e8-3e0e-4a90-a8bb-b361657a072e	2024-10-19 19:53:02.265441	\N	\N	\N	\N	f
14a6b1d0-f886-4f46-9166-a134668d16ab	\N	\N	1	5636c866-95c5-40c1-9fea-95267dbd8ee9	2024-10-19 19:53:02.265594	\N	\N	\N	\N	f
14baebc0-0189-423c-a14c-d62ffe981f63	\N	\N	1	f47d785f-5652-45b9-b1ed-9bfddf7807cd	2024-10-19 19:53:02.26681	\N	\N	\N	\N	f
18e845d8-400b-4d12-a414-9cd440f92677	\N	\N	1	ecfbb998-043f-40d3-af8c-c0a0cf04f57b	2024-10-19 19:53:02.266756	\N	\N	\N	\N	f
1bc4061b-cefd-44dc-89e8-57d1c4ad078a	\N	\N	1	aa61d4be-936a-46ea-8176-83e0c09fb5cf	2024-10-19 19:53:02.26613	\N	\N	\N	\N	f
1cc85c40-c092-4bee-adeb-3dc17e304563	\N	\N	1	3d3cb675-d596-49aa-89af-61479d8c8e8d	2024-10-19 19:53:02.265478	\N	\N	\N	\N	f
1f981aae-f40b-4dba-b383-8853d87b23c5	\N	\N	1	f1a9c58e-5689-4c55-8ec1-54ec35d288bf	2024-10-19 19:53:02.266792	\N	\N	\N	\N	f
1faf9d72-1396-4e99-935d-547b226327c7	\N	\N	1	3054da29-a2e4-41b0-b7ac-9f3f4769e461	2024-10-19 19:53:02.265387	\N	\N	\N	\N	f
20105f5a-82e0-4763-b12c-7a5ddc9abf83	\N	\N	1	d69d03da-d18a-4556-838f-0c9c4d81656d	2024-10-19 19:53:02.266536	\N	\N	\N	\N	f
22e64c46-97c3-40a7-a4aa-4b11eb838446	\N	\N	1	e00a245f-4a75-4409-bf52-52b890381669	2024-10-19 19:53:02.266668	\N	\N	\N	\N	f
275ddc93-92b8-419a-ab96-baeb34d89c19	\N	\N	1	fcc71ccd-758e-4034-bf88-b482c5accb65	2024-10-19 19:53:02.266903	\N	\N	\N	\N	f
27cf8d25-e68b-41e4-a2d2-245d2e9370e3	\N	\N	1	2f70e59a-3802-4f5c-a6ef-25b2cdde4f33	2024-10-19 19:53:02.265333	\N	\N	\N	\N	f
28ffe509-f3c0-4d56-aeb4-8668f16da5d5	\N	\N	1	e7d2a4ad-4c9c-4900-89f8-6bbcdadd81ea	2024-10-19 19:53:02.266739	\N	\N	\N	\N	f
2b1bcd4d-8082-4ae4-a601-6fab29cc8433	\N	\N	1	d827cd6e-7c6d-4b7d-b070-20492e078da5	2024-10-19 19:53:02.266598	\N	\N	\N	\N	f
2e6b7127-5e54-43eb-a21f-64c57143824d	\N	\N	1	26261306-88f5-4e8c-92fa-d96a825768d2	2024-10-19 19:53:02.26526	\N	\N	\N	\N	f
2eb2ae7e-b05a-45c8-83ef-a23717e17947	\N	\N	1	bcb42de0-64c2-4e11-890b-7b3de06d0924	2024-10-19 19:53:02.266396	\N	\N	\N	\N	f
2fa772f8-0fa4-472b-a154-14cf794d50e2	\N	\N	1	2c230b5e-70ae-4dd0-98ce-503717219fea	2024-10-19 19:53:02.265297	\N	\N	\N	\N	f
30d72372-2aee-46cd-ab7f-56dcaefe600c	\N	\N	1	9a6498c9-2787-4e17-851f-065ab6f9bc66	2024-10-19 19:53:02.26606	\N	\N	\N	\N	f
33725381-a183-49ef-b723-e70495ff6066	\N	\N	1	4ff132d5-7e7b-4b81-b068-de2f5108f640	2024-10-19 19:53:02.265554	\N	\N	\N	\N	f
35d0da5e-7492-46d3-aaca-17455a353de9	\N	\N	1	80c16f07-671b-472d-be58-e5fd82bedce0	2024-10-19 19:53:02.265847	\N	\N	\N	\N	f
3652e96a-9dc0-4f12-817c-1ca7f05807e6	\N	\N	1	2f7efcc1-14c0-4472-a742-1948dbea238f	2024-10-19 19:53:02.26535	\N	\N	\N	\N	f
384d21de-6a0f-4c92-b0ef-540ff97079bc	\N	\N	1	750f454e-4ce5-4cd7-8153-d345999b233b	2024-10-19 19:53:02.265812	\N	\N	\N	\N	f
39ad1877-9e15-4498-88bb-ef6d617a23d2	\N	\N	1	7f003833-3d8a-4f3c-9c18-7986180847e4	2024-10-19 19:53:02.26583	\N	\N	\N	\N	f
3d8be820-f83f-4579-b8e2-a8c4b5465d69	\N	\N	1	67bd2b8c-552a-4227-ab05-604f8f62a655	2024-10-19 19:53:02.265698	\N	\N	\N	\N	f
3de591a5-c3e4-4ba1-b148-9973d7a8ac9e	\N	\N	1	3016ad78-7ee8-4015-85df-d0bb4636f142	2024-10-19 19:53:02.265368	\N	\N	\N	\N	f
439c9800-35c9-48ee-8549-9c293a107743	\N	\N	1	da569c42-3e83-47d7-9205-a23c3e1e34f3	2024-10-19 19:53:02.266615	\N	\N	\N	\N	f
45370c44-1d4d-4834-8cd5-3551b5d30199	\N	\N	1	d34efe03-6baf-42df-8e7b-0418ac94c7f8	2024-10-19 19:53:02.266519	\N	\N	\N	\N	f
4929722e-df51-411e-8c00-59955f7d8fd8	\N	\N	1	19852718-0f5f-49a9-906e-906e3deda21a	2024-10-19 19:53:02.265198	\N	\N	\N	\N	f
49fa1298-7d26-4de1-b197-3005c3d03c0e	\N	\N	1	88ea9d8d-9bf0-40ed-a794-32835eac461a	2024-10-19 19:53:02.265899	\N	\N	\N	\N	f
50088da9-86e5-4781-be1e-f8b04a2554d0	\N	\N	1	906912ce-7b26-4c40-a026-d144fc5c8723	2024-10-19 19:53:02.265985	\N	\N	\N	\N	f
53453386-8816-485f-9a08-22c07cf29d22	\N	\N	1	9df8f4f1-1e5a-456d-8819-9584ff75446f	2024-10-19 19:53:02.266077	\N	\N	\N	\N	f
58071bf0-1435-4f5f-a67c-f7f1ca0a74dc	\N	\N	1	6af636c4-96e4-4f9e-96a0-794dc6541dc3	2024-10-19 19:53:02.265755	\N	\N	\N	\N	f
5b8a7a2a-53f6-4932-ae19-a3fcdea1b838	\N	\N	1	f99e97ca-a44a-4433-894f-3af63697fb2f	2024-10-19 19:53:02.266885	\N	\N	\N	\N	f
5f55d75a-ca3a-4375-bdc4-afb591aef21d	\N	\N	1	aa223821-cdb2-4061-a4bc-55c2ef4f69d0	2024-10-19 19:53:02.266113	\N	\N	\N	\N	f
612e214e-4fe6-4b17-b9af-8b8b26bf180e	\N	\N	1	5960c661-acbe-40ae-8911-9ca1c668bb02	2024-10-19 19:53:02.265611	\N	\N	\N	\N	f
6700632c-6c3b-4d7e-81dd-8b2151b60502	\N	\N	1	6d48e156-8327-48d6-91d9-61ce20e3125b	2024-10-19 19:53:02.265776	\N	\N	\N	\N	f
69940db4-d312-4a4e-b7a5-f5bbfd6ddee7	\N	\N	1	b94655f0-0941-4c62-b692-07ceec473e06	2024-10-19 19:53:02.266344	\N	\N	\N	\N	f
6b8b0603-8e07-4181-92ec-ee13f0e768ce	\N	\N	1	41866800-c7ac-46ac-9cc8-a6190d3e47ce	2024-10-19 19:53:02.2655	\N	\N	\N	\N	f
6c1fa607-dced-475d-9ad2-1e8ede9071d2	\N	\N	1	29198ed7-c2be-46cd-a0ed-36bd6a05efbf	2024-10-19 19:53:02.265279	\N	\N	\N	\N	f
6e132241-d674-4195-b8c5-b6b4d320e3ce	\N	\N	1	60f90266-2cae-48bf-9396-e8395980e449	2024-10-19 19:53:02.265646	\N	\N	\N	\N	f
705391da-77b5-4f08-b176-301a5f1bbc0d	\N	\N	1	598ce1ed-f3e9-4bce-9c82-f3ee6b61cc1d	2024-10-19 19:53:02.265628	\N	\N	\N	\N	f
72843603-7dc4-4405-92fa-9a7289ac9b66	\N	\N	1	8ad2ca44-ff48-483b-9606-83fab43d97d8	2024-10-19 19:53:02.265916	\N	\N	\N	\N	f
7374bc88-8afb-4236-9fa0-d75adad253a0	\N	\N	1	cc5755e6-f51c-45d4-b183-9821a5f92cc3	2024-10-19 19:53:02.266467	\N	\N	\N	\N	f
74d9ea46-5729-454f-b994-8faee093ddef	\N	\N	1	ae722be5-bcc5-4822-b3a0-0a61b8a1f854	2024-10-19 19:53:02.266183	\N	\N	\N	\N	f
78532cb2-f350-4c98-bce2-e94afd8369c6	\N	\N	1	4bbe97ff-9028-4030-967e-34d7eae8f332	2024-10-19 19:53:02.265536	\N	\N	\N	\N	f
7b42cb26-668a-4037-8ffc-68058704a460	\N	\N	1	a40b73ce-5582-4014-8057-3cf690643a4d	2024-10-19 19:53:02.266095	\N	\N	\N	\N	f
83c97377-4790-4e12-9b61-c0456fe642b2	\N	\N	1	ca904e4a-c67e-4811-8630-55cbb215c585	2024-10-19 19:53:02.266449	\N	\N	\N	\N	f
84609dec-b050-496e-81be-301a1334919a	\N	\N	1	3abaecb3-ccee-4d77-8ca4-559e95866ff6	2024-10-19 19:53:02.26546	\N	\N	\N	\N	f
8b92673a-ba81-4629-aea9-41444a46a0dc	\N	\N	1	bb373eb3-45a7-4f68-8ca5-fb1d24c546d0	2024-10-19 19:53:02.266362	\N	\N	\N	\N	f
8f722abd-0123-4494-b71c-a21943484a3c	\N	\N	1	afee2031-2add-4c5a-b960-f79ac7a80490	2024-10-19 19:53:02.266218	\N	\N	\N	\N	f
92d0bb28-a2c9-476f-878f-c6ebe2f04e2c	\N	\N	1	f8c48d9c-5c29-4f8a-8b87-5c79a77b4bce	2024-10-19 19:53:02.266845	\N	\N	\N	\N	f
950ce7ba-2017-4ab9-bba2-2325f7d35ab6	\N	\N	1	f7654fc7-97eb-4c4f-a339-3d0fa4590de3	2024-10-19 19:53:02.266828	\N	\N	\N	\N	f
959b7d55-62bf-42c0-a313-33054551abb5	\N	\N	1	e6fb00e8-a0ee-460c-bb7d-e33e8189a780	2024-10-19 19:53:02.266703	\N	\N	\N	\N	f
9612f20e-6fce-4190-bc29-b31d7d3d9188	\N	\N	1	e641ea43-110f-49b7-b5b2-d115bbfd7168	2024-10-19 19:53:02.266686	\N	\N	\N	\N	f
962d9cdb-c2d9-48d4-9187-48db5ddadeb6	\N	\N	1	0afd67a8-9293-49d6-912a-9e89b50e12fb	2024-10-19 19:53:02.263574	\N	\N	\N	\N	f
978e2b3f-9c26-41f0-b3c4-cba2e492767f	\N	\N	1	d220124c-a168-43b3-9668-83b91c086f48	2024-10-19 19:53:02.266502	\N	\N	\N	\N	f
9ca9bcee-c97f-4778-83f4-57fff49759d1	\N	\N	1	8febcf10-4332-4750-b0e8-3c64c7d204ad	2024-10-19 19:53:02.265968	\N	\N	\N	\N	f
9f64a38d-8cdd-4a21-a529-9747a9331998	\N	\N	1	bb4ae276-884d-48cb-83fa-8f5b86893088	2024-10-19 19:53:02.266379	\N	\N	\N	\N	f
a36a2bc3-e0e1-43e3-a499-2aec8284e23e	\N	\N	1	f8ebf6a1-45d5-4b39-a5fa-4c862867ee36	2024-10-19 19:53:02.266868	\N	\N	\N	\N	f
a89b63eb-18ed-4f62-8e19-1d977f50a4b2	\N	\N	1	69914b7d-a41b-43ff-9419-b86ddc8d5cb1	2024-10-19 19:53:02.265733	\N	\N	\N	\N	f
ae5d22bf-3855-460b-a502-9747f35d6a34	\N	\N	1	f1423b81-e629-47f3-96fd-6fc76e094f58	2024-10-19 19:53:02.266774	\N	\N	\N	\N	f
af93b51f-c8b9-4aac-ac95-57bb00c9c3da	\N	\N	1	b7594574-0d60-4ffa-b14d-5917c719889b	2024-10-19 19:53:02.266306	\N	\N	\N	\N	f
b0d1d45b-c71b-4578-8ac0-01c30b49131b	\N	\N	1	716b8355-1851-445e-b5c9-897643adf03a	2024-10-19 19:53:02.265795	\N	\N	\N	\N	f
b116c61a-f11d-46dc-b3dc-b66678e9fbb6	\N	\N	1	15d219ed-b4eb-46de-9f55-741dd7dcec62	2024-10-19 19:53:02.265178	\N	\N	\N	\N	f
b1469423-4113-490e-bcd6-b79a146c3f81	\N	\N	1	0ecdbfd7-a759-41de-81db-f550960f3f10	2024-10-19 19:53:02.265096	\N	\N	\N	\N	f
b3243d6a-7be2-4c83-8a89-dfd4a1976095	\N	\N	1	d1c01a0d-0e17-4451-9da0-0b4e6579636a	2024-10-19 19:53:02.266484	\N	\N	\N	\N	f
b55f5bbd-4b95-448a-b38b-a1429002854b	\N	\N	1	48187f29-f9c6-431d-a0c3-86a6e54abeb4	2024-10-19 19:53:02.265518	\N	\N	\N	\N	f
b6663ea1-57ec-4c3a-9597-da421b3c9484	\N	\N	1	1adf0cd2-ed45-4722-9875-898a54b06b0b	2024-10-19 19:53:02.265224	\N	\N	\N	\N	f
b6d54f8d-b08c-4f88-9db9-00008875256f	\N	\N	1	120acdc1-8799-412b-8fc8-67addf841f25	2024-10-19 19:53:02.265151	\N	\N	\N	\N	f
bb05cc9c-87a1-4d43-b253-d172e2117ff2	\N	\N	1	694020bc-a98b-4a12-93da-c9331c68619a	2024-10-19 19:53:02.265716	\N	\N	\N	\N	f
bbfef7a3-6fc1-406a-b117-6a2bc70dd418	\N	\N	1	b43eaefa-d7cf-4efb-a815-c640a3f38f74	2024-10-19 19:53:02.266235	\N	\N	\N	\N	f
be26aee1-0512-4e6a-8313-5c18759958a9	\N	\N	1	c0f9ff94-a28c-4e9c-a2c7-720aca11e966	2024-10-19 19:53:02.266414	\N	\N	\N	\N	f
c2325fbe-7f7b-4d92-b73d-48d26e0c5047	\N	\N	1	8242c55f-d333-4a17-b709-18e5bc2cecc2	2024-10-19 19:53:02.265881	\N	\N	\N	\N	f
c6d25490-d32a-410d-be77-5370cc1482a2	\N	\N	1	d776b5c6-c7ca-4d5a-9fd3-6d2828447425	2024-10-19 19:53:02.266577	\N	\N	\N	\N	f
cb2b279c-19a1-49ef-b47f-bc342a8c7fae	\N	\N	1	988201d6-d08f-4276-a14e-b4a1e556a53d	2024-10-19 19:53:02.266038	\N	\N	\N	\N	f
cd45e23d-ecee-4c2b-95f6-ee357e5b8c9b	\N	\N	1	c54da6cd-1221-4147-ab17-0cd309e389e0	2024-10-19 19:53:02.266431	\N	\N	\N	\N	f
cf6228c4-4f7d-45f4-a49d-3b5e9cd85c64	\N	\N	1	0fbc3ba7-9a40-486d-8f7f-def74004317c	2024-10-19 19:53:02.265126	\N	\N	\N	\N	f
d0e23fb9-4596-463e-8578-c9acdcdb4c5f	\N	\N	1	97a977e7-ef81-4b31-9bd2-bd3c065dd17c	2024-10-19 19:53:02.266003	\N	\N	\N	\N	f
d1372bba-be85-473c-8086-02a7c9890140	\N	\N	1	b6a46f96-c234-4a16-9417-cab2d8826b13	2024-10-19 19:53:02.266287	\N	\N	\N	\N	f
d45e1cf5-dfbb-43c4-a614-a6aa2374c588	\N	\N	1	981b8729-a9e4-40c6-8056-a67972251f6e	2024-10-19 19:53:02.266021	\N	\N	\N	\N	f
d60eb1e2-73ff-44c0-b1a3-2ecf423bda46	\N	\N	1	505e9c6b-9476-4fa8-a047-c2e58e6e4399	2024-10-19 19:53:02.265576	\N	\N	\N	\N	f
e00c9a01-ea24-48db-ac41-4d39c79f9321	\N	\N	1	20787148-8572-49d8-b47a-af278f91e43e	2024-10-19 19:53:02.265242	\N	\N	\N	\N	f
e095bbae-68d2-4077-9036-697c526736d4	\N	\N	1	aea921e8-b5c7-4f97-a43e-afd464f25ec3	2024-10-19 19:53:02.266201	\N	\N	\N	\N	f
e21d9b47-d1bb-4c02-9704-acff338cf963	\N	\N	1	822e7907-b1f2-4062-9070-b8acb5c3b29b	2024-10-19 19:53:02.265864	\N	\N	\N	\N	f
e26df0b7-3c68-4669-8b16-e9a9a7f87e3b	\N	\N	1	b6a3426d-d4da-49e2-b18e-eb40caad3700	2024-10-19 19:53:02.26627	\N	\N	\N	\N	f
eb1b0535-b7f3-430e-b91c-c1feea653f5f	\N	\N	1	aceaafa5-c9cb-4369-891a-613943345ca9	2024-10-19 19:53:02.266165	\N	\N	\N	\N	f
eba19f8f-0936-45eb-88bc-9c83772a1d93	\N	\N	1	8c5bf892-39e3-4369-b889-a828b8278ddc	2024-10-19 19:53:02.265933	\N	\N	\N	\N	f
ed964db3-afac-426e-8988-c2ed54a89510	\N	\N	1	6319f404-3c93-4b0c-8671-411ad83c16df	2024-10-19 19:53:02.265663	\N	\N	\N	\N	f
f015b253-2d06-44b2-8f52-1ae49c1a241c	\N	\N	1	dc15764e-3243-4597-a7ac-b83fb5054d08	2024-10-19 19:53:02.266633	\N	\N	\N	\N	f
f18bc355-4a5c-4012-89a6-0044e4bfe36f	\N	\N	1	8d7eb883-967f-47f7-8fe2-2f898a253886	2024-10-19 19:53:02.265951	\N	\N	\N	\N	f
fa846317-fe54-4f52-b8d6-6a618387a5da	\N	\N	1	b56dfb50-cf66-498e-80b8-61876a9c4d92	2024-10-19 19:53:02.266253	\N	\N	\N	\N	f
fadd55dc-c457-41a6-9723-c259182f0035	\N	\N	1	365bf22b-e9ec-49b2-a509-ce91ecb12a36	2024-10-19 19:53:02.265423	\N	\N	\N	\N	f
fe1e460d-16ac-4fcd-b512-2413b8cb3256	\N	\N	1	e79150a4-5947-4f5a-bda6-c9497b32d442	2024-10-19 19:53:02.266721	\N	\N	\N	\N	f
090f17ec-acbf-4c2b-af7f-fb9edd0df6e0	\N	\N	0	822e7907-b1f2-4062-9070-b8acb5c3b29b	2024-10-19 19:53:02.440727	\N	\N	\N	\N	f
0c99bce5-cd68-4e5a-89dd-1f0c874791e2	\N	\N	0	dc15764e-3243-4597-a7ac-b83fb5054d08	2024-10-19 19:53:02.439895	\N	\N	\N	\N	f
1090d13e-029f-487a-93e3-b028d0bce1ae	\N	\N	0	e7d2a4ad-4c9c-4900-89f8-6bbcdadd81ea	2024-10-19 19:53:02.440512	\N	\N	\N	\N	f
10eaaa2a-7b4d-4e6d-8e0c-01b95de6c2de	\N	\N	0	b94655f0-0941-4c62-b692-07ceec473e06	2024-10-19 19:53:02.440622	\N	\N	\N	\N	f
12c6eace-c7e9-40c5-8439-e6692d40ef3f	\N	\N	0	b7fea93b-b368-4525-8fa3-cc0559c2447f	2024-10-19 19:53:02.440169	\N	\N	\N	\N	f
147f3c06-d0b9-4a96-b4b5-b2cb620564e1	\N	\N	0	fcc71ccd-758e-4034-bf88-b482c5accb65	2024-10-19 19:53:02.440258	\N	\N	\N	\N	f
148e75f7-bb0e-4719-be0a-45273321600b	\N	\N	0	20787148-8572-49d8-b47a-af278f91e43e	2024-10-19 19:53:02.440605	\N	\N	\N	\N	f
1518f0d5-f074-42e5-80b9-22be2d74ac5a	\N	\N	0	716b8355-1851-445e-b5c9-897643adf03a	2024-10-19 19:53:02.44001	\N	\N	\N	\N	f
17dfc1ae-d1d1-4ce9-bf47-496f265b7377	\N	\N	0	3d3cb675-d596-49aa-89af-61479d8c8e8d	2024-10-19 19:53:02.440761	\N	\N	\N	\N	f
18ca718a-ac1c-4c95-99fa-952018c45180	\N	\N	0	981b8729-a9e4-40c6-8056-a67972251f6e	2024-10-19 19:53:02.440371	\N	\N	\N	\N	f
1a688909-c789-4a5f-bad1-ea379adb6795	\N	\N	0	b94655f0-0941-4c62-b692-07ceec473e06	2024-10-19 19:53:02.440098	\N	\N	\N	\N	f
1dbfb946-89ca-42d9-a7a7-02de071ace64	\N	\N	0	2e6c3e34-b264-45f0-a9e8-5d3ead7e11ca	2024-10-19 19:53:02.440458	\N	\N	\N	\N	f
26d6acc1-7fba-4e24-8be2-d0c3e30c61dc	\N	\N	0	f8c48d9c-5c29-4f8a-8b87-5c79a77b4bce	2024-10-19 19:53:02.44028	\N	\N	\N	\N	f
26e7bf2c-4ed7-408f-a3c1-b89b6e0fffac	\N	\N	0	3abaecb3-ccee-4d77-8ca4-559e95866ff6	2024-10-19 19:53:02.440353	\N	\N	\N	\N	f
2d50cf81-2121-4d99-afa7-32176e895ad7	\N	\N	0	0fbc3ba7-9a40-486d-8f7f-def74004317c	2024-10-19 19:53:02.440744	\N	\N	\N	\N	f
36bcd6ee-69c9-4f50-8679-2d8d5db4caf9	\N	\N	0	716b8355-1851-445e-b5c9-897643adf03a	2024-10-19 19:53:02.440657	\N	\N	\N	\N	f
3a8a6697-bc5c-4f42-8db6-82153212aeea	\N	\N	0	ecfbb998-043f-40d3-af8c-c0a0cf04f57b	2024-10-19 19:53:02.440476	\N	\N	\N	\N	f
3b9f10c5-e0fd-4a61-a745-87b3dce29887	\N	\N	0	8ad2ca44-ff48-483b-9606-83fab43d97d8	2024-10-19 19:53:02.440045	\N	\N	\N	\N	f
3eb11e9f-dedd-47f5-b22f-3cd3644da12f	\N	\N	0	3016ad78-7ee8-4015-85df-d0bb4636f142	2024-10-19 19:53:02.440529	\N	\N	\N	\N	f
4168d4d9-108a-4f5d-8ab9-879acc7defdc	\N	\N	0	0ecdbfd7-a759-41de-81db-f550960f3f10	2024-10-19 19:53:02.440587	\N	\N	\N	\N	f
435ace07-7bc7-4296-b6aa-30106a123ac0	\N	\N	0	2c230b5e-70ae-4dd0-98ce-503717219fea	2024-10-19 19:53:02.440675	\N	\N	\N	\N	f
4c7fa865-15cf-4a99-ac25-d4e4cbaeb01c	\N	\N	0	f1423b81-e629-47f3-96fd-6fc76e094f58	2024-10-19 19:53:02.439661	\N	\N	\N	\N	f
4fe0e442-5a58-4f9f-941d-833bf02f3339	\N	\N	0	598ce1ed-f3e9-4bce-9c82-f3ee6b61cc1d	2024-10-19 19:53:02.440441	\N	\N	\N	\N	f
59756c8f-48a2-4094-9ee6-5facf552b71d	\N	\N	0	b7fea93b-b368-4525-8fa3-cc0559c2447f	2024-10-19 19:53:02.440547	\N	\N	\N	\N	f
67b8a801-e177-4338-8e1a-7317ef98d216	\N	\N	0	8c5bf892-39e3-4369-b889-a828b8278ddc	2024-10-19 19:53:02.440028	\N	\N	\N	\N	f
68c8a019-a07c-4767-91a8-7a4a1fbc9642	\N	\N	0	2e6c3e34-b264-45f0-a9e8-5d3ead7e11ca	2024-10-19 19:53:02.44024	\N	\N	\N	\N	f
6c51e2a8-b2dc-40f1-8586-eb4119083ecf	\N	\N	0	822e7907-b1f2-4062-9070-b8acb5c3b29b	2024-10-19 19:53:02.440388	\N	\N	\N	\N	f
6da610a1-62ec-4ab1-8474-7fd1044f330a	\N	\N	0	d776b5c6-c7ca-4d5a-9fd3-6d2828447425	2024-10-19 19:53:02.440709	\N	\N	\N	\N	f
76a183b5-ebfc-4311-adb8-c40449580bf5	\N	\N	0	6af636c4-96e4-4f9e-96a0-794dc6541dc3	2024-10-19 19:53:02.440186	\N	\N	\N	\N	f
7b61e659-5d64-4fe8-b35c-b107d60be4a6	\N	\N	0	c0f9ff94-a28c-4e9c-a2c7-720aca11e966	2024-10-19 19:53:02.440316	\N	\N	\N	\N	f
855cbeea-d02b-4e09-a355-edff782f8499	\N	\N	0	8c5bf892-39e3-4369-b889-a828b8278ddc	2024-10-19 19:53:02.44057	\N	\N	\N	\N	f
8b435e2a-3fbb-42ab-8644-ce5d40d85643	\N	\N	0	d723eed5-78a1-4fab-9c9d-08efced4b861	2024-10-19 19:53:02.440063	\N	\N	\N	\N	f
8ffc9ff6-bb90-4ade-931d-f111075fcc07	\N	\N	0	b6a46f96-c234-4a16-9417-cab2d8826b13	2024-10-19 19:53:02.439914	\N	\N	\N	\N	f
91ea986e-c6bf-45db-bdb6-8cf01428fef8	\N	\N	0	b43eaefa-d7cf-4efb-a815-c640a3f38f74	2024-10-19 19:53:02.440223	\N	\N	\N	\N	f
94f79f1d-3a22-449e-866e-de9d864bf8b0	\N	\N	0	aceaafa5-c9cb-4369-891a-613943345ca9	2024-10-19 19:53:02.440151	\N	\N	\N	\N	f
97811dca-f6c0-490b-892c-a7860c942ed4	\N	\N	0	8d7eb883-967f-47f7-8fe2-2f898a253886	2024-10-19 19:53:02.44064	\N	\N	\N	\N	f
9aefd7eb-c580-4ac2-a72c-a36f12b10a92	\N	\N	0	1adf0cd2-ed45-4722-9875-898a54b06b0b	2024-10-19 19:53:02.440494	\N	\N	\N	\N	f
9e612e81-041e-4ba9-9b86-60851ab3b2fb	\N	\N	0	2f7efcc1-14c0-4472-a742-1948dbea238f	2024-10-19 19:53:02.440333	\N	\N	\N	\N	f
a4256c6e-0048-44bb-9a5e-69f67d842778	\N	\N	0	d1c01a0d-0e17-4451-9da0-0b4e6579636a	2024-10-19 19:53:02.440116	\N	\N	\N	\N	f
a548bee1-4a8c-4c50-aa5f-0eb84d063cc5	\N	\N	0	d827cd6e-7c6d-4b7d-b070-20492e078da5	2024-10-19 19:53:02.439968	\N	\N	\N	\N	f
aaea4d57-677c-4529-afe3-287ef1e688ba	\N	\N	0	b7fea93b-b368-4525-8fa3-cc0559c2447f	2024-10-19 19:53:02.440405	\N	\N	\N	\N	f
ab0d3ab7-3b7c-4054-b042-4cc2303d25f1	\N	\N	0	8c5bf892-39e3-4369-b889-a828b8278ddc	2024-10-19 19:53:02.440204	\N	\N	\N	\N	f
b66f6642-a5c6-46ab-b562-a45ac519a6aa	\N	\N	0	8ad2ca44-ff48-483b-9606-83fab43d97d8	2024-10-19 19:53:02.439933	\N	\N	\N	\N	f
c1863565-6695-4bec-b617-38e9182947e8	\N	\N	0	3d3cb675-d596-49aa-89af-61479d8c8e8d	2024-10-19 19:53:02.440297	\N	\N	\N	\N	f
d1af73b6-6733-4e37-85d9-4de32d2a51c2	\N	\N	0	f8c48d9c-5c29-4f8a-8b87-5c79a77b4bce	2024-10-19 19:53:02.44008	\N	\N	\N	\N	f
d2671912-6d5c-4ad8-890b-671eddc15859	\N	\N	0	69914b7d-a41b-43ff-9419-b86ddc8d5cb1	2024-10-19 19:53:02.439992	\N	\N	\N	\N	f
e9dd5ea5-b5c2-4fc2-a37e-3bf20bf1890c	\N	\N	0	b7fea93b-b368-4525-8fa3-cc0559c2447f	2024-10-19 19:53:02.440692	\N	\N	\N	\N	f
ebbaf40e-a9a1-47e4-bb8a-6899fb2dd243	\N	\N	0	69914b7d-a41b-43ff-9419-b86ddc8d5cb1	2024-10-19 19:53:02.440424	\N	\N	\N	\N	f
f0809579-4622-4812-9da3-6b583378dfa8	\N	\N	0	e641ea43-110f-49b7-b5b2-d115bbfd7168	2024-10-19 19:53:02.439951	\N	\N	\N	\N	f
f71ef52d-5e00-443e-8cb5-b896e00e0057	\N	\N	0	0fbc3ba7-9a40-486d-8f7f-def74004317c	2024-10-19 19:53:02.440134	\N	\N	\N	\N	f
\.


--
-- TOC entry 2991 (class 0 OID 16570)
-- Dependencies: 206
-- Data for Name: user_profiles; Type: TABLE DATA; Schema: public; Owner: infinitynetUser
--

COPY public.user_profiles (id, account_id, username, mobile_number, first_name, middle_name, last_name, birthdate, gender, bio) FROM stdin;
001b466d-90ee-4f3e-9cea-6f94f7b4c1d5	66f850ce-2d21-43f2-a250-4d4ecdc8f2b0	Lila.Rowe	812.937.8032	Tracey	Victoria	Schinner	1954-11-22	2	Optio qui ab perferendis qui aut tempora modi itaque ullam eos vero et eius eos vel doloribus voluptates nisi eligendi voluptates qui vero asperiores sed quia assumenda voluptas incidunt quis in sint neque animi ipsum sit blanditiis dolor temporibus ipsa sed harum possimus cupiditate omnis et enim ullam recusandae voluptatem.
00c05513-4129-4aa6-b79e-983ff13574fc	319e8c19-7e11-481a-bb57-c3c239af2209	Maud.Price81	676-674-7633 x4657	Floy	Evan	Howe	1943-10-21	1	Aperiam qui ipsum magni aperiam adipisci illo praesentium saepe aut et sit repellendus ab optio velit animi quia aut est cupiditate quibusdam eos amet et natus placeat voluptas possimus et quo similique consequatur minus aliquam voluptas similique voluptas consectetur dolor nulla officia consequuntur cum suscipit soluta iste voluptates consequatur possimus.
07f86036-511f-47d1-b7b7-4543b2eb3303	2e6c3e34-b264-45f0-a9e8-5d3ead7e11ca	Neva90	449.927.9645 x584	Emely	Austin	O'Reilly	1987-05-23	2	Nemo modi expedita quasi aut dolorem iste quos optio magnam occaecati laudantium possimus eos exercitationem nisi temporibus quam officiis dolorum architecto cumque ab quam aut ut accusamus sit aut deserunt voluptatem labore mollitia eos omnis ut quidem repellat nihil iste et ipsam quidem optio pariatur nihil non magnam repudiandae ducimus.
09f405ed-f0c6-422c-847f-0e24f7c74aef	b7fea93b-b368-4525-8fa3-cc0559c2447f	Jaden40	(760) 984-2551 x223	Royal	Akeem	Klocko	1971-12-19	0	Dolores aut rerum commodi nam maiores fugit sunt molestiae odio nihil omnis sint amet consectetur et sit dolorum harum vero deserunt temporibus molestiae assumenda debitis possimus eaque et tenetur aliquid est asperiores quia aut enim quas cupiditate architecto non atque consequatur ex omnis sint et eaque iure optio suscipit doloribus.
0b996fe8-4582-412b-adfb-6fa402c25bf4	ab6792ec-7e4d-4abf-9c1e-a315d97c422d	Jensen_Bradtke54	(235) 968-1986 x39511	Queen	Shayne	Reinger	1951-03-28	2	Corrupti nostrum molestiae nihil voluptatibus voluptates hic perspiciatis non dolorem ducimus debitis placeat quaerat et qui deserunt esse quod id minus reiciendis est minus est nulla aut molestias voluptatum aspernatur eum est ducimus quas voluptatem dolore laudantium autem quis voluptas facere nulla eos reprehenderit voluptatibus assumenda provident perferendis id doloribus.
134e6153-f93b-4592-8bd7-ae30e9321017	dc2623fe-8a17-4340-abf9-d51a6e118efc	Barbara90	235-962-6635 x760	Quentin	Rachel	Rogahn	1938-12-20	1	Ad minus ad quasi id corporis est eveniet est vitae nesciunt fuga repellat nostrum sit qui accusamus a rerum non enim totam cumque est ipsa accusamus id est voluptate et omnis neque ipsa quas corrupti tempora molestias ea et saepe qui ipsa quia occaecati vitae totam qui nam consequatur fuga.
13ba9424-00b3-40a6-92c8-a9426207a2d9	d723eed5-78a1-4fab-9c9d-08efced4b861	Michelle_Kunde	(774) 508-5687 x32878	Arielle	Spencer	Dickinson	2006-03-25	1	Aut quod nam qui cum et voluptatibus placeat qui ut autem quis porro autem qui optio quasi in quos est fugit eum odio fugiat amet delectus sit mollitia illum rem cupiditate ipsa ipsa laudantium asperiores quos explicabo delectus ipsam iure consequuntur exercitationem ut ad fugit consequuntur cum a illo officiis.
143437a3-503e-4e95-911d-4c6571ddea8e	374675e8-3e0e-4a90-a8bb-b361657a072e	Keshaun.Willms17	(542) 621-6888 x0526	Alexzander	Sofia	Corwin	1940-12-23	1	Aperiam et aut magni numquam itaque aut rerum asperiores ut voluptate vel dolor voluptates magnam odit nulla sit facere unde adipisci libero fugiat officia et non omnis sit temporibus voluptatum omnis atque laborum ut voluptates sint cumque corrupti et ut doloremque et deserunt voluptatum ad velit fugiat sint debitis necessitatibus.
14a6b1d0-f886-4f46-9166-a134668d16ab	5636c866-95c5-40c1-9fea-95267dbd8ee9	Marcelino_Beier	323.449.3918	Ayla	Zane	Conn	1981-04-04	1	Fugit doloribus soluta illum aut neque aut excepturi aut nulla laudantium quo rerum corporis vel qui minima consequatur a magni et quisquam nisi pariatur consectetur sint beatae molestiae consequatur minima est vitae dolores error iure laborum nesciunt repellendus a sunt illum illum quibusdam rerum sit similique cupiditate omnis voluptas vitae.
14baebc0-0189-423c-a14c-d62ffe981f63	f47d785f-5652-45b9-b1ed-9bfddf7807cd	Diego41	985.463.0487 x6120	Hazle	Sam	Baumbach	1967-08-12	2	Exercitationem quo sit earum molestias ut sunt sit in voluptas sapiente a repellendus reiciendis voluptatem amet aut numquam molestiae explicabo aspernatur corrupti in ab voluptas dolores officiis repudiandae ut iure vero fuga cumque ratione similique omnis dolorem rerum corporis temporibus incidunt veniam dolor consectetur qui dignissimos vero at reiciendis sit.
18e845d8-400b-4d12-a414-9cd440f92677	ecfbb998-043f-40d3-af8c-c0a0cf04f57b	Jayce.Yost89	(889) 484-3534 x825	Mariano	Ian	Cartwright	1976-08-02	1	Dignissimos quibusdam aut aut harum in alias quia nihil vitae quo ut eos et impedit blanditiis enim ea reprehenderit sunt et neque atque quisquam voluptate eveniet distinctio tenetur qui praesentium inventore autem enim amet et voluptas magnam iusto earum dolor optio fuga dolore quia id omnis numquam sed illum quisquam.
1bc4061b-cefd-44dc-89e8-57d1c4ad078a	aa61d4be-936a-46ea-8176-83e0c09fb5cf	Amanda43	333.665.1502 x1160	Haleigh	Kaitlyn	Schiller	1990-06-03	1	Nobis vitae facere pariatur doloribus aspernatur quos totam qui aut id adipisci et hic aliquid voluptate aut est non deleniti in aut veritatis ex ullam corrupti eius id vel expedita cupiditate quia alias est esse dolore accusamus perferendis dolor eum minus ut omnis corrupti numquam dignissimos eveniet harum sed aspernatur.
1cc85c40-c092-4bee-adeb-3dc17e304563	3d3cb675-d596-49aa-89af-61479d8c8e8d	Maiya_Lehner84	443-801-9293 x94677	Lura	Leopold	Towne	1931-03-03	1	Ratione sint maiores voluptatem aut itaque aut et corrupti veritatis id atque ut laudantium voluptatem omnis iusto quia fuga aliquam quia cumque voluptatum et ea error quos nihil quia iure harum aliquam commodi recusandae hic minus aut ab perferendis reprehenderit exercitationem reprehenderit quas corrupti velit harum aut sit atque nesciunt.
1f981aae-f40b-4dba-b383-8853d87b23c5	f1a9c58e-5689-4c55-8ec1-54ec35d288bf	Aglae_Carroll	(889) 409-0989	Santina	Priscilla	Langworth	1947-01-05	0	Laboriosam magni ex nam modi et nihil ullam aperiam beatae dolores consequuntur dolore assumenda quod nobis quam vero aut vero nisi eaque esse consequatur blanditiis earum sed aut ut sit explicabo omnis inventore quisquam optio aliquid provident voluptatem eos deleniti quam et et maxime omnis ea aut et aliquam omnis.
1faf9d72-1396-4e99-935d-547b226327c7	3054da29-a2e4-41b0-b7ac-9f3f4769e461	Corrine_Spinka	(560) 780-7669 x657	Sasha	Antonia	Johns	1947-08-29	2	Est eum non ipsa tenetur est id maxime ipsum quia consectetur adipisci odio culpa pariatur eius repellat officia maiores corporis ea eveniet ut et culpa iure nemo commodi voluptatem id asperiores et tenetur quas odio sit atque quo quae exercitationem qui non consequuntur voluptatem dolore ipsum quaerat et tempore est.
20105f5a-82e0-4763-b12c-7a5ddc9abf83	d69d03da-d18a-4556-838f-0c9c4d81656d	Leopoldo.Leffler55	552.653.0623	Torrey	Rebekah	Prosacco	1958-07-09	2	Unde maiores repellendus commodi praesentium expedita facere exercitationem quia voluptatem consequatur quae incidunt odio incidunt accusantium doloremque non eaque ullam similique mollitia aspernatur ut ab qui et sint tenetur quis ullam quo sint asperiores sunt beatae incidunt voluptas nemo quis rerum hic occaecati et fuga atque repudiandae et omnis enim.
22e64c46-97c3-40a7-a4aa-4b11eb838446	e00a245f-4a75-4409-bf52-52b890381669	Trent_Upton	320.802.1740	Dayana	Cordell	Denesik	1933-10-14	2	A optio ut qui sunt vero enim dolorum iure sed aut id quo voluptates debitis recusandae sed fuga sequi est voluptatem quaerat neque quae laudantium odit facilis corrupti qui quaerat quam non doloremque aut non et cupiditate corrupti et atque autem ipsa magni et in quam aut culpa esse neque.
275ddc93-92b8-419a-ab96-baeb34d89c19	fcc71ccd-758e-4034-bf88-b482c5accb65	Abdullah.Streich	1-304-363-3670	Jace	Tatum	Tremblay	1983-07-21	2	Debitis placeat voluptas voluptatem ut quidem possimus quos dolore omnis soluta ea ex dolorum quidem exercitationem enim magnam nihil quas et temporibus sunt sed ipsa quisquam fugiat nobis ut ducimus explicabo harum non quas consequuntur fugiat id porro qui ad consequatur cumque quam voluptas ex provident ut aliquid sed fugiat.
27cf8d25-e68b-41e4-a2d2-245d2e9370e3	2f70e59a-3802-4f5c-a6ef-25b2cdde4f33	Beth32	1-864-411-2809 x807	Frankie	Anthony	Christiansen	1959-08-09	1	Ipsum nihil porro ad autem ipsa amet repudiandae et vel soluta possimus labore nihil nihil enim omnis nemo occaecati ut labore omnis vel cupiditate sed adipisci et ut cupiditate reiciendis fugit ut sed nam commodi dolores repellendus laboriosam rerum quia sunt ab quibusdam sapiente et consequatur corporis nihil dignissimos deserunt.
28ffe509-f3c0-4d56-aeb4-8668f16da5d5	e7d2a4ad-4c9c-4900-89f8-6bbcdadd81ea	Lawson41	418-508-9569 x612	Felicita	Everett	Jaskolski	1956-06-12	2	Quasi omnis voluptatem voluptas voluptatem distinctio doloremque reiciendis quod qui itaque rerum aut inventore sed dolorem iusto distinctio aut et error incidunt atque provident consequatur explicabo qui asperiores laboriosam magni et quos dignissimos quos sint doloremque est autem suscipit molestias at debitis id id praesentium sunt repudiandae recusandae nulla repellat.
2b1bcd4d-8082-4ae4-a601-6fab29cc8433	d827cd6e-7c6d-4b7d-b070-20492e078da5	Gaston_Rau72	591-875-7515 x59707	Mia	Pink	Glover	1925-02-15	0	Reprehenderit autem autem sed est voluptate deserunt aperiam quia adipisci eos qui laborum sequi quis totam aliquid molestias qui corrupti enim sunt adipisci quo voluptatem aliquam consequatur est sapiente quas saepe nostrum perferendis cumque animi animi quas et et non voluptatem dolores odit quibusdam quae molestias quaerat dolorum cumque ut.
2e6b7127-5e54-43eb-a21f-64c57143824d	26261306-88f5-4e8c-92fa-d96a825768d2	Wilmer_Becker51	351.210.0908 x651	Leland	Laurel	Bartell	1932-11-05	2	Est placeat ipsa qui ex possimus repellendus non ut ullam nemo necessitatibus aut odio neque nobis et voluptatem aut est esse sint eum atque non nobis sint ea aut eveniet eligendi similique repellat quis beatae error aut nihil voluptas sint quo voluptatem dolor beatae officiis ut excepturi incidunt nisi in.
2eb2ae7e-b05a-45c8-83ef-a23717e17947	bcb42de0-64c2-4e11-890b-7b3de06d0924	Loyce34	1-211-211-5688 x62430	Rudolph	Nola	McClure	1980-08-19	0	Ducimus totam voluptate recusandae ad voluptas in pariatur dolores hic voluptatem nostrum aut ea ut at velit quis maiores quia sit eum quas dignissimos sequi autem eos illum mollitia numquam harum voluptas omnis qui ea veniam laudantium doloribus architecto cumque recusandae maxime autem aut blanditiis aperiam perferendis illo expedita illo.
2fa772f8-0fa4-472b-a154-14cf794d50e2	2c230b5e-70ae-4dd0-98ce-503717219fea	Jaylon82	1-212-733-0418 x40652	Rosario	Gilbert	Murazik	1997-04-02	1	Labore in occaecati delectus aut veritatis laboriosam nihil illo dolores quibusdam sapiente vel consequatur quas aliquid sed sit accusamus qui doloribus laborum rem optio sapiente aut consectetur non quia ea ut aperiam ratione veniam sapiente blanditiis et perspiciatis quo porro ratione minus facilis autem possimus debitis minima voluptatem deserunt tempora.
30d72372-2aee-46cd-ab7f-56dcaefe600c	9a6498c9-2787-4e17-851f-065ab6f9bc66	Eulah60	(533) 903-4474 x880	Landen	Emilio	Vandervort	1979-02-28	2	Ut corporis quis qui assumenda voluptatem repellat odit sed dignissimos voluptatibus architecto eum rem voluptatem sit maxime nam nesciunt quisquam soluta rerum sed nam aliquam et a quia voluptates nam qui nobis corrupti numquam ut non sit sequi placeat tempore alias debitis omnis quo et voluptas suscipit a eligendi asperiores.
33725381-a183-49ef-b723-e70495ff6066	4ff132d5-7e7b-4b81-b068-de2f5108f640	Cornelius_Grant	1-571-586-4945	Dean	Kim	Bosco	1935-09-24	2	Porro aspernatur laudantium dolores velit recusandae ut qui voluptatibus dolorem et autem saepe molestias ut quae praesentium qui officia maxime quibusdam debitis est sit qui recusandae necessitatibus facere magnam aliquam odio hic totam qui qui est quasi nihil repudiandae autem impedit molestiae assumenda aliquam consequatur nihil quia voluptatem aliquam alias.
35d0da5e-7492-46d3-aaca-17455a353de9	80c16f07-671b-472d-be58-e5fd82bedce0	Madge_Boehm17	201-664-2640 x198	Eli	Leon	MacGyver	1977-10-02	0	Occaecati alias et facilis qui magni quam dolores dolorem laboriosam et fuga ea deleniti recusandae ab ut enim voluptatem ratione exercitationem quod temporibus laboriosam modi ut voluptatem neque in et voluptas in officia laboriosam cumque modi illum similique et minus qui mollitia consequatur quia ea placeat excepturi dolores in soluta.
3652e96a-9dc0-4f12-817c-1ca7f05807e6	2f7efcc1-14c0-4472-a742-1948dbea238f	Sienna.Labadie89	1-289-894-8717	Cameron	Marcelina	Champlin	1927-05-28	1	Omnis et consequatur quo vero magni neque autem quisquam est dolore consequatur expedita commodi consequuntur est aut officiis quisquam est incidunt perspiciatis quo et sunt est et eveniet itaque et reiciendis temporibus enim est sed quisquam aut velit dolor est id nemo qui accusantium autem vitae atque deleniti similique error.
384d21de-6a0f-4c92-b0ef-540ff97079bc	750f454e-4ce5-4cd7-8153-d345999b233b	Fay_Casper37	803.422.8434 x32248	Lydia	Lenna	Rau	1928-08-07	2	Sit aliquid ea praesentium quia illo expedita cupiditate molestiae non quidem laudantium expedita aliquam sunt repellat quidem ex consequatur vitae aut corrupti reprehenderit dolorem itaque eos et dolor voluptatibus sunt porro autem aut dolorum architecto doloremque sit aliquam non consequatur eius quibusdam culpa accusamus illum eligendi impedit sapiente esse fuga.
39ad1877-9e15-4498-88bb-ef6d617a23d2	7f003833-3d8a-4f3c-9c18-7986180847e4	Tristian66	(914) 653-4677 x24288	Emilia	Ryann	Gorczany	1945-12-31	1	Saepe aut labore nostrum est enim maxime quos magnam totam nihil modi suscipit dolores blanditiis cum sit nam temporibus quo sit repellendus consequatur dignissimos et ipsa dolores dolores fuga voluptas suscipit sint sit esse a quia qui ratione sequi nisi ratione et reprehenderit ut excepturi optio omnis architecto debitis reiciendis.
3d8be820-f83f-4579-b8e2-a8c4b5465d69	67bd2b8c-552a-4227-ab05-604f8f62a655	Natalia_Mayer	1-400-713-2544 x23669	Kay	Jeanie	Ullrich	1931-11-07	0	Amet architecto laborum dignissimos omnis nihil quia autem commodi sint provident repudiandae voluptas minus omnis sed labore dolorum ea ut in reiciendis officiis natus quibusdam consequatur sit esse provident est neque ab tempora quia laboriosam velit alias vel excepturi ipsum quis culpa unde sed qui inventore et quas error neque.
3de591a5-c3e4-4ba1-b148-9973d7a8ac9e	3016ad78-7ee8-4015-85df-d0bb4636f142	Ashlee94	1-307-438-8517 x556	Candice	Maynard	Waters	1934-11-05	1	Consequatur voluptatem illo veniam impedit autem fuga dolor similique cumque repudiandae odio aut officia ut veritatis veritatis doloremque exercitationem eum pariatur consequatur aliquam quo totam deserunt natus laborum assumenda rerum eaque quis quas numquam vitae eos qui officiis pariatur facilis voluptatem ducimus ullam in quos fugit dolores voluptatem quam id.
439c9800-35c9-48ee-8549-9c293a107743	da569c42-3e83-47d7-9205-a23c3e1e34f3	Elyssa5	801.301.0128 x72752	Elwin	Fred	Turcotte	2001-11-25	2	Aut est modi pariatur ab blanditiis aut quibusdam ut dolor atque est delectus incidunt cum quia ut quibusdam ratione et non recusandae laborum quis atque non qui quia laudantium alias consectetur porro saepe quisquam non accusantium inventore est blanditiis et laboriosam eos et quia quaerat assumenda officia quos quia sed.
45370c44-1d4d-4834-8cd5-3551b5d30199	d34efe03-6baf-42df-8e7b-0418ac94c7f8	Florencio_Buckridge3	590-369-8169	Prince	Ashtyn	Goldner	1976-12-15	0	Error consectetur fugiat maiores assumenda quibusdam qui iste enim recusandae voluptates nobis inventore reprehenderit eius nihil repudiandae qui atque voluptas molestiae optio nam non rerum error unde minus voluptate culpa magnam harum enim modi itaque perferendis et ratione eaque veniam cumque quisquam aut asperiores libero non velit vel et eum.
4929722e-df51-411e-8c00-59955f7d8fd8	19852718-0f5f-49a9-906e-906e3deda21a	Garrick_Witting59	715.380.2259 x30078	Jason	Jules	McKenzie	1932-04-08	0	Et facere voluptatem explicabo ea laudantium ut quo saepe ut maiores aut nulla excepturi quia voluptates atque amet consequatur earum nesciunt reprehenderit et atque nesciunt id id sequi numquam et in earum voluptas quia sapiente cumque vitae quam iusto velit est dolor molestias sit animi consequatur aut saepe corrupti et.
49fa1298-7d26-4de1-b197-3005c3d03c0e	88ea9d8d-9bf0-40ed-a794-32835eac461a	Randy_Dietrich	1-218-559-9964 x19444	Milan	Jazlyn	Bernier	1938-09-30	2	Itaque laboriosam commodi qui quia consequatur maiores quae veritatis autem ea suscipit blanditiis debitis totam fuga rerum est qui sit voluptatibus porro error cupiditate aliquid repudiandae et nostrum ipsa est molestias in laboriosam a rerum qui beatae dicta et pariatur optio voluptates reprehenderit quia placeat vitae unde praesentium possimus vero.
50088da9-86e5-4781-be1e-f8b04a2554d0	906912ce-7b26-4c40-a026-d144fc5c8723	Ona24	1-627-635-9403	Ray	Lew	Kessler	1985-09-04	0	Voluptatem sed hic velit ut voluptas repudiandae autem est amet porro ipsa dolore consectetur incidunt sit eum ad quis atque vitae ipsam aut et qui quia eos nesciunt officia excepturi laudantium qui perspiciatis maiores dolores minus vel exercitationem cumque quo quaerat ut consequatur assumenda rem temporibus sunt tempore voluptatem labore.
53453386-8816-485f-9a08-22c07cf29d22	9df8f4f1-1e5a-456d-8819-9584ff75446f	Hector_Jacobson	459.439.2151	Rachael	Jerrod	Hyatt	1970-02-09	0	Cupiditate voluptatem tempora quas laudantium quos suscipit libero accusamus corrupti temporibus ea nisi facere expedita et eligendi doloribus aut velit ut voluptatum et voluptatum id ipsa natus facere id aperiam beatae aspernatur laudantium quo et rerum fugiat enim neque aut ut eius rem asperiores expedita officia illum qui doloremque ipsam.
58071bf0-1435-4f5f-a67c-f7f1ca0a74dc	6af636c4-96e4-4f9e-96a0-794dc6541dc3	Wilbert.Rath	483.990.4738	Colton	Toy	Kautzer	1944-12-25	1	Cumque exercitationem ex ipsum qui voluptatem qui sint nihil deleniti id alias quo ut eveniet perspiciatis quas fugit corporis animi qui consequatur consequatur est porro expedita officia omnis consequuntur aspernatur officiis quasi occaecati minima itaque natus voluptas quis quis officia ducimus ab voluptas quia sed est iste laborum rerum eius.
5b8a7a2a-53f6-4932-ae19-a3fcdea1b838	f99e97ca-a44a-4433-894f-3af63697fb2f	Dayna_Kris82	1-872-377-5045	Lila	Cory	Beahan	2001-04-12	0	Neque blanditiis sed modi doloremque necessitatibus consequatur animi omnis aperiam qui et quis impedit sunt et expedita in fuga quibusdam expedita et aliquid aut qui cupiditate quae rerum earum veritatis pariatur debitis aut quis molestiae et aliquid consequatur explicabo animi fugit quia impedit vel animi et sequi eligendi deserunt voluptatem.
5f55d75a-ca3a-4375-bdc4-afb591aef21d	aa223821-cdb2-4061-a4bc-55c2ef4f69d0	Angelina.Dickinson8	(508) 678-8094	Jeramy	Genesis	Kuvalis	1945-01-15	2	Nostrum laudantium quidem ut qui ea magni reprehenderit alias dolores dolorum accusamus aliquid est optio cum nihil consequuntur magni voluptatum odit qui consequatur sint recusandae incidunt voluptatem voluptate a saepe est quis dolorem autem omnis modi nulla et earum aliquam quisquam voluptatem natus veritatis ut delectus qui earum quisquam et.
612e214e-4fe6-4b17-b9af-8b8b26bf180e	5960c661-acbe-40ae-8911-9ca1c668bb02	Maya96	826.978.4913 x156	Adeline	Minerva	Bednar	1954-04-04	0	Nisi amet aspernatur ut similique consectetur est voluptate ipsum aspernatur cumque quibusdam laudantium nihil voluptatem impedit est possimus qui eligendi ea aut aliquam ullam est perspiciatis consequatur eos dolore possimus velit commodi odio est rem molestiae reiciendis odit dolore suscipit culpa officia perferendis officia voluptatibus et velit id optio soluta.
6700632c-6c3b-4d7e-81dd-8b2151b60502	6d48e156-8327-48d6-91d9-61ce20e3125b	Trevion_Dach	(241) 843-5688	Cayla	Otha	Gerlach	1969-09-26	2	Qui tempora sint dolores quis distinctio inventore laboriosam qui assumenda aspernatur facilis aut ut quidem velit commodi natus velit dolor asperiores porro ut blanditiis minima rem explicabo modi iusto facilis porro voluptatem qui nesciunt esse fuga cupiditate esse porro et odio nam in minima aut quae corrupti nam cum quia.
69940db4-d312-4a4e-b7a5-f5bbfd6ddee7	b94655f0-0941-4c62-b692-07ceec473e06	Simone.Kuhn	665.550.5874 x1986	Orval	Viola	Moen	1998-09-22	0	Voluptatem molestiae laboriosam minus deleniti sequi quod ad ratione modi tenetur quaerat beatae non ipsam dolor accusamus quis error officia dolorem et dolorem sit dolore eos et ratione voluptatibus eos dolores sit molestiae aliquid impedit dolorem et voluptas molestias at nam eum error perspiciatis nemo sunt velit rerum et fuga.
6b8b0603-8e07-4181-92ec-ee13f0e768ce	41866800-c7ac-46ac-9cc8-a6190d3e47ce	Corene_Satterfield83	661-211-1504 x4384	Adonis	Declan	Schamberger	1996-08-11	2	Vitae voluptatem et atque blanditiis consectetur facere ullam tempore quisquam aut libero nesciunt sit qui et sit saepe incidunt eum nesciunt officia illo est error et dolor illum dolorem debitis sunt sapiente iste consequuntur doloremque sunt praesentium beatae nisi tenetur repellat sapiente nulla eligendi deleniti aperiam officia saepe facilis praesentium.
6c1fa607-dced-475d-9ad2-1e8ede9071d2	29198ed7-c2be-46cd-a0ed-36bd6a05efbf	Eloise82	230-808-8557 x421	Corrine	Dejon	Welch	1970-07-17	0	Suscipit cupiditate at consequatur sit iure enim ipsa laborum in itaque numquam recusandae placeat earum qui et veniam nihil quo deserunt molestiae quam non aut pariatur ut totam et sapiente cumque amet quia similique quis dolore voluptatem aut odit est nisi modi quia voluptas magnam inventore quis enim nisi molestiae.
6e132241-d674-4195-b8c5-b6b4d320e3ce	60f90266-2cae-48bf-9396-e8395980e449	Rigoberto40	608.881.0214	Rita	Diana	Wehner	1935-12-20	0	Magni laudantium deleniti corrupti atque nobis fuga magni explicabo deleniti explicabo magnam nihil iusto esse enim non totam nesciunt qui nobis dolore vel tempora ipsam hic ut adipisci quam a hic eum at quasi quae tenetur et magni aliquam repellat et quod tempora repellendus ducimus soluta autem adipisci cumque atque.
705391da-77b5-4f08-b176-301a5f1bbc0d	598ce1ed-f3e9-4bce-9c82-f3ee6b61cc1d	Jess_Ratke51	(491) 317-8124	Monty	Katherine	Pfannerstill	1953-04-23	2	Omnis omnis non in suscipit quae id mollitia quibusdam et molestiae voluptates est laborum id ut minima eligendi corrupti explicabo sed repellendus natus modi sequi possimus numquam saepe fuga consequatur ut quidem consequatur quibusdam sit et molestiae veritatis debitis voluptate dolor expedita sint illo enim qui dolores voluptatibus corporis doloribus.
72843603-7dc4-4405-92fa-9a7289ac9b66	8ad2ca44-ff48-483b-9606-83fab43d97d8	Oliver.Stiedemann64	265.864.3722 x0905	Loy	Buck	Goyette	2000-10-19	0	Omnis aspernatur recusandae quas illo est inventore sit nisi est consequuntur molestiae quas iste enim temporibus consequuntur explicabo consequatur et ratione hic dolor vel repellat placeat natus nisi vero minus ipsa dolores ut amet fugit ipsam harum sunt occaecati expedita ut est maxime aut eum dolorum sed et nulla voluptas.
7374bc88-8afb-4236-9fa0-d75adad253a0	cc5755e6-f51c-45d4-b183-9821a5f92cc3	Austen53	(698) 236-5527	Monserrat	Jazlyn	Ankunding	1964-05-26	1	Praesentium cumque neque fugit libero illum explicabo labore ut mollitia quos ea dolores voluptatem reiciendis quos molestias et dolores laboriosam et laboriosam eos ut facere aut perferendis et ut in ullam aut voluptas neque quia libero pariatur adipisci doloremque voluptas molestias veniam cumque natus ab sunt non nulla natus molestias.
74d9ea46-5729-454f-b994-8faee093ddef	ae722be5-bcc5-4822-b3a0-0a61b8a1f854	Harmon_Wintheiser1	234.337.2796	Jerel	Alice	Hyatt	1997-06-01	1	Voluptatem sed quo necessitatibus voluptatum voluptates at quisquam velit reiciendis hic sed veniam quis ea optio tenetur autem non aut sapiente tenetur sit cum error id debitis vero aliquid officia voluptas quas ex sunt id placeat cupiditate eveniet velit voluptatem dolore voluptatem quibusdam dolores ex soluta harum enim quos rerum.
78532cb2-f350-4c98-bce2-e94afd8369c6	4bbe97ff-9028-4030-967e-34d7eae8f332	Christelle_Gibson59	(221) 506-8027	Nelle	Adriana	Wilkinson	1988-07-30	2	Exercitationem necessitatibus quia occaecati eos adipisci ut optio nesciunt commodi commodi veritatis facilis est quia cum eum qui quia ut quis explicabo repellendus laboriosam omnis quia voluptates quisquam qui blanditiis quas inventore numquam dolores vitae molestiae distinctio voluptatem unde in veniam natus beatae ut id eius eius omnis ut fugit.
7b42cb26-668a-4037-8ffc-68058704a460	a40b73ce-5582-4014-8057-3cf690643a4d	Corbin_Murray87	922-456-3201 x7953	Joel	Landen	Rohan	1942-08-04	1	Odit est et impedit vero soluta eum sunt fugiat qui qui et ea eius totam doloremque neque reiciendis autem dolor et reprehenderit ea et qui nihil qui nobis iste alias nisi omnis rerum dolor aliquid numquam tempore voluptatem blanditiis unde non explicabo tenetur necessitatibus tempora dolores quis temporibus quae aut.
83c97377-4790-4e12-9b61-c0456fe642b2	ca904e4a-c67e-4811-8630-55cbb215c585	Orrin.Runolfsson32	(680) 655-8694 x861	Elmore	Breana	Hane	1938-03-19	1	Sunt sint dolores sunt quia voluptatem eos praesentium enim non consequatur quaerat quia nam modi illo dolor sint beatae ipsum quo repellendus voluptatem nobis quis unde eum occaecati aliquam voluptatibus inventore aut consectetur mollitia quos voluptas itaque asperiores quo consequatur voluptas est distinctio quae omnis enim esse occaecati esse quo.
84609dec-b050-496e-81be-301a1334919a	3abaecb3-ccee-4d77-8ca4-559e95866ff6	Weldon.Hackett74	(324) 777-8910 x964	Jacklyn	Desiree	Senger	1962-12-29	1	Eius odio nihil ex dolores assumenda sint distinctio praesentium pariatur non omnis repudiandae soluta praesentium aliquid aut dignissimos porro beatae quasi cupiditate illo aut in quis unde exercitationem quia perferendis ad est aut expedita non nihil deserunt maxime deserunt natus consequuntur quis quis vitae quam asperiores expedita ullam sint cumque.
8b92673a-ba81-4629-aea9-41444a46a0dc	bb373eb3-45a7-4f68-8ca5-fb1d24c546d0	Alexandra.Kirlin	722-799-1194	Fay	Larue	Mayer	1958-02-05	2	Et corporis aut rem similique hic quaerat aut sit repellat velit eos adipisci expedita similique et repellendus eos sed ea similique explicabo autem voluptatibus quo non vel voluptatem quia commodi quis similique aut et illum tempora in vel similique atque in et voluptatem vel omnis ex eum iusto enim sunt.
8f722abd-0123-4494-b71c-a21943484a3c	afee2031-2add-4c5a-b960-f79ac7a80490	Asia98	1-996-483-7949	Dejuan	Kevon	Bayer	1992-04-18	2	Saepe illo optio odio facere et nemo molestiae laudantium eligendi architecto mollitia ipsum repellat vero itaque facilis ipsam laudantium sunt voluptatibus deserunt ipsam atque est dolor est consequatur cum fuga atque error vel ipsam sit et ut enim debitis dolorem accusantium saepe neque voluptatem mollitia exercitationem doloremque praesentium dolor atque.
92d0bb28-a2c9-476f-878f-c6ebe2f04e2c	f8c48d9c-5c29-4f8a-8b87-5c79a77b4bce	Kale_Mosciski	242.900.4838 x615	Keaton	Jacquelyn	Botsford	1933-10-08	1	Perspiciatis est est facere sapiente sint a officia nihil optio excepturi iure id quod nihil fugiat dolores perferendis eum provident nihil consequatur cum neque quod sequi maiores molestiae perferendis accusamus ut aut voluptas voluptatibus omnis dolores nihil aspernatur voluptatem sit et enim voluptas nostrum necessitatibus et autem optio voluptas similique.
950ce7ba-2017-4ab9-bba2-2325f7d35ab6	f7654fc7-97eb-4c4f-a339-3d0fa4590de3	Jayce.Schiller	578.379.4551 x9259	Aaliyah	Cali	Gorczany	1989-09-12	2	Quia eligendi perspiciatis ad dolor dolores eos non adipisci eum voluptatum laboriosam qui minus qui aliquam illo consequatur voluptates harum iste impedit sunt sunt facere perferendis cumque possimus dolor soluta quia ut quis illum officiis eum voluptates occaecati a sunt assumenda enim aut et doloremque accusantium natus magni eum dolor.
959b7d55-62bf-42c0-a313-33054551abb5	e6fb00e8-a0ee-460c-bb7d-e33e8189a780	Doyle.Mosciski	447.943.8868	Willy	Sam	Kerluke	1970-04-14	2	Quo est molestias ipsam laudantium et blanditiis eos rerum aliquid perferendis aut ut cum id autem dignissimos atque ad non fuga voluptates fuga placeat omnis rerum aut nihil ut dolores consectetur perspiciatis omnis tempore quae perferendis quas fuga quia perferendis voluptas autem excepturi minima non voluptas consequuntur tenetur sequi asperiores.
9612f20e-6fce-4190-bc29-b31d7d3d9188	e641ea43-110f-49b7-b5b2-d115bbfd7168	Darlene73	863.886.0641 x906	Estrella	Destinee	Green	1951-10-02	2	Ab ipsam omnis omnis quam quis saepe quo nihil quas alias voluptatum tenetur voluptates ut et laboriosam et quis occaecati voluptate reprehenderit eum cupiditate molestiae non vel a voluptas voluptates consectetur ut est repudiandae rerum architecto nemo autem corrupti quasi illum velit magni maxime vel aliquid id quis ullam illo.
962d9cdb-c2d9-48d4-9187-48db5ddadeb6	0afd67a8-9293-49d6-912a-9e89b50e12fb	Haylee_Ferry	1-615-377-4940 x266	Oliver	Queen	Skiles	1970-12-24	1	Dolor quae quos nihil vero quia quidem eligendi eaque eius nam modi facilis aut dolores illo qui nostrum et ipsa quod cupiditate quam velit impedit magni ut neque exercitationem quidem officia ad et atque est saepe qui esse consequatur aspernatur deserunt voluptatem in cum voluptas blanditiis ex quia maiores et.
978e2b3f-9c26-41f0-b3c4-cba2e492767f	d220124c-a168-43b3-9668-83b91c086f48	Stanley_Haag	(914) 837-1617 x422	Hyman	Lesly	Medhurst	1942-02-15	2	Dolorem aut ea eveniet accusantium ea delectus doloribus minima mollitia nulla pariatur qui rerum animi nemo debitis distinctio sed nisi sequi nobis optio et nesciunt omnis modi iure doloribus enim et consequuntur autem voluptatibus aut asperiores exercitationem natus ipsam quidem voluptas soluta est non labore animi est eveniet natus a.
9ca9bcee-c97f-4778-83f4-57fff49759d1	8febcf10-4332-4750-b0e8-3c64c7d204ad	Miles24	(597) 785-8981 x0316	Blanche	Geo	Welch	1942-05-26	2	Totam assumenda quia eius ut adipisci et fuga est dolor et illum architecto nulla dolorem molestias qui tempore fugit eos tempore maiores et reiciendis facilis modi adipisci quia sit officiis repellendus officia eum asperiores ab qui eos quisquam consequatur et facere nobis voluptas dignissimos et fuga eos molestiae ut non.
9f64a38d-8cdd-4a21-a529-9747a9331998	bb4ae276-884d-48cb-83fa-8f5b86893088	Manuel.Hodkiewicz	(422) 399-5399 x6518	Dax	Celia	Gorczany	1957-10-05	1	Odio voluptatibus et voluptates aliquid culpa eius odio officiis reiciendis quia nesciunt aut itaque libero ipsam sunt odio deleniti quibusdam eum qui ea quia nisi ut laboriosam magni ut tempore non ut culpa eos modi architecto voluptatem alias quia voluptate quam animi atque consequatur neque non omnis omnis voluptas quasi.
a36a2bc3-e0e1-43e3-a499-2aec8284e23e	f8ebf6a1-45d5-4b39-a5fa-4c862867ee36	Lulu_Thompson12	807.675.2519 x0318	Georgette	Lemuel	Bashirian	1974-06-20	1	Eaque laborum animi occaecati in ea temporibus voluptas delectus et magni eaque minima libero voluptatum dolor rerum illo unde cum voluptatem dolorem repudiandae inventore a doloremque occaecati ipsum error in doloribus numquam soluta veritatis eum cupiditate ullam dolore qui praesentium repellendus debitis neque ad itaque autem et quasi veritatis exercitationem.
a89b63eb-18ed-4f62-8e19-1d977f50a4b2	69914b7d-a41b-43ff-9419-b86ddc8d5cb1	Eino53	246.867.4974 x916	Hildegard	Dewitt	Berge	1963-12-14	0	Dolor ut repudiandae eius qui et laboriosam rerum maiores aspernatur omnis eligendi recusandae vitae culpa temporibus enim facilis rerum qui qui unde nihil eaque qui qui praesentium et maiores magnam libero qui voluptatibus quibusdam unde ipsum aut nostrum quis nam sed quibusdam possimus amet itaque vel ullam in suscipit eligendi.
ae5d22bf-3855-460b-a502-9747f35d6a34	f1423b81-e629-47f3-96fd-6fc76e094f58	Adelle_Hills75	876-423-4339	Lane	Jonatan	Cummings	1928-04-28	1	Numquam saepe saepe et vitae qui et consectetur quo molestias nisi dignissimos rerum aliquid qui perspiciatis quas adipisci quo quaerat et tempore deleniti maiores temporibus sint aut aut qui dolorem odio aliquam non repudiandae commodi impedit illum impedit eum maxime iusto doloribus nesciunt consequatur eum eos alias nobis ipsa illo.
af93b51f-c8b9-4aac-ac95-57bb00c9c3da	b7594574-0d60-4ffa-b14d-5917c719889b	Demond14	532.622.9435 x54250	Josiah	Reese	Schmidt	1971-02-23	2	Facere adipisci consequatur omnis nemo doloribus ut quidem omnis porro eius velit aliquid modi illum eveniet deserunt aspernatur aperiam quod molestiae tempora dolor quas porro et quod nemo nesciunt error sunt autem hic iure nihil dolorem consequuntur quaerat aspernatur incidunt placeat ab aut distinctio unde dolorem rerum praesentium aut quae.
b0d1d45b-c71b-4578-8ac0-01c30b49131b	716b8355-1851-445e-b5c9-897643adf03a	Madonna.Sawayn	1-310-902-6562 x0558	Ezra	Janick	Schuppe	1965-10-03	0	Porro placeat qui nihil non rerum in fugit occaecati qui officia provident dolor consequatur et quisquam animi at expedita et et pariatur omnis voluptatem asperiores voluptatum et sit modi dolores occaecati illum unde est neque quidem ad cum nemo delectus facere doloremque animi voluptatem ut quam quo necessitatibus expedita ab.
b116c61a-f11d-46dc-b3dc-b66678e9fbb6	15d219ed-b4eb-46de-9f55-741dd7dcec62	Juana9	1-687-650-1235 x696	Lauriane	Joel	Prosacco	1956-01-13	1	Nulla maxime sed qui sit deserunt ut enim voluptas quia ducimus ab voluptas eaque amet dolores deserunt voluptatibus ut sed temporibus voluptatem est nobis ipsum mollitia veritatis assumenda sint quidem laboriosam optio quis enim rem maxime qui nulla aut qui corporis repudiandae dolor commodi expedita consequuntur sapiente omnis est ab.
b1469423-4113-490e-bcd6-b79a146c3f81	0ecdbfd7-a759-41de-81db-f550960f3f10	Axel_Beahan	520.406.8749 x6919	Beau	Chadd	Jenkins	1927-05-02	2	Quis quis est et nostrum quia hic possimus vel odit quo ut quia porro a voluptatibus magnam hic qui possimus vel fugit doloremque reprehenderit dolor temporibus velit velit quod voluptatem excepturi aliquid animi itaque quod aut ut molestiae vitae quibusdam distinctio et iure enim sequi nesciunt dolores reiciendis consequatur eligendi.
b3243d6a-7be2-4c83-8a89-dfd4a1976095	d1c01a0d-0e17-4451-9da0-0b4e6579636a	Rolando.Bergstrom	(677) 384-1599 x6442	Lester	Fritz	Herzog	1925-09-20	0	Doloribus ea autem et temporibus cupiditate officiis sapiente ex hic cumque quo vero alias magni atque nemo et voluptas suscipit quam deserunt voluptatem totam dolore adipisci accusantium omnis laudantium voluptatem expedita omnis veritatis qui aliquam nesciunt rerum est exercitationem sapiente fugit sint eos mollitia veniam itaque cupiditate fugiat sit vel.
b55f5bbd-4b95-448a-b38b-a1429002854b	48187f29-f9c6-431d-a0c3-86a6e54abeb4	Scotty51	1-372-564-7943 x90947	Alana	Corine	Cassin	1970-09-29	1	Voluptas adipisci fugiat omnis tenetur error odio doloribus iusto a nam voluptatum aliquam quis dolor voluptatibus et non illum ut harum ducimus aperiam corrupti vero nihil nam sed voluptatum harum cum quia et voluptatum maxime occaecati voluptas et sint minima nostrum iusto nesciunt eligendi dolore maxime ea dolor quaerat consequatur.
b6663ea1-57ec-4c3a-9597-da421b3c9484	1adf0cd2-ed45-4722-9875-898a54b06b0b	Richard_Crist	(541) 295-7520	Dedric	Nelson	Kassulke	1999-01-12	1	Aperiam voluptatem qui voluptatem odio quo distinctio non et aut optio expedita consectetur eum sit officiis omnis exercitationem maxime mollitia rerum molestias officiis natus eaque porro laborum illum voluptatem ratione perferendis ipsa sint nihil blanditiis laboriosam laborum est iste deleniti blanditiis libero aut consequatur vitae illum quae unde corporis quia.
b6d54f8d-b08c-4f88-9db9-00008875256f	120acdc1-8799-412b-8fc8-67addf841f25	Malvina.Kovacek2	(308) 857-6586 x531	Lynn	Amparo	Schneider	1996-06-16	2	Maxime autem vel sunt sit atque quos consequatur iure in pariatur autem magni aperiam suscipit qui maxime nulla laboriosam quam ab deleniti non dicta modi consectetur unde molestiae laudantium soluta explicabo non porro voluptate dignissimos molestiae quod sit laboriosam totam rem qui sed modi ut qui corporis quas ut saepe.
bb05cc9c-87a1-4d43-b253-d172e2117ff2	694020bc-a98b-4a12-93da-c9331c68619a	Alysson6	(800) 691-2939 x320	Johnson	Francesca	Powlowski	1947-09-28	1	Aut ullam et error nulla adipisci nulla doloribus sed esse minima ullam est qui sit quo corporis eum distinctio hic omnis eveniet fugit et rerum placeat dolores nulla atque et voluptates explicabo repellat consequatur et placeat at eum consequatur consectetur provident necessitatibus voluptatibus aut error nobis et aut quisquam assumenda.
bbfef7a3-6fc1-406a-b117-6a2bc70dd418	b43eaefa-d7cf-4efb-a815-c640a3f38f74	Paris.Kihn	1-505-688-6620 x7165	Florence	Misael	Abshire	1942-09-14	2	Ex qui et consequatur dicta quo enim quasi reiciendis magnam impedit eaque voluptatem aut quisquam dolore natus sed non libero ex voluptates architecto est ducimus repudiandae eaque voluptatibus cum et non magni asperiores esse consequatur omnis deserunt at nihil qui a qui quam in dolore et quia nemo rem tenetur.
be26aee1-0512-4e6a-8313-5c18759958a9	c0f9ff94-a28c-4e9c-a2c7-720aca11e966	Ike.Beer	567-246-3342	Melvin	Warren	Mitchell	1975-11-15	1	Qui fugiat accusamus consequuntur molestias et est tempore et dolore totam animi repudiandae facere voluptates similique magnam eveniet quae voluptatem non et amet ut consequatur recusandae ipsum veritatis tenetur rerum nobis fuga provident exercitationem eveniet et aut adipisci impedit non ad labore odio veritatis omnis laudantium sit soluta minima eum.
c2325fbe-7f7b-4d92-b73d-48d26e0c5047	8242c55f-d333-4a17-b709-18e5bc2cecc2	Durward52	982-201-2347	Ariel	Demarco	Hoppe	1935-04-22	0	Exercitationem blanditiis esse cum aut tempore deserunt odio eos ullam ea inventore rem quaerat qui nihil dolores perspiciatis nulla dolores autem unde qui et deserunt vel non corporis consequatur et voluptatibus quod odit et fugit fugiat earum quos eaque ex sequi ipsa sed quam adipisci necessitatibus rem odio aut corporis.
c6d25490-d32a-410d-be77-5370cc1482a2	d776b5c6-c7ca-4d5a-9fd3-6d2828447425	Taylor23	1-933-350-3132	Shawna	Creola	Beer	1948-02-10	0	Occaecati et quo sit pariatur nemo debitis tempore iure voluptatibus distinctio sit ut repellendus alias magni ut velit ut sit labore est culpa repudiandae exercitationem modi alias veritatis nulla sequi qui et itaque laudantium rerum doloremque delectus aut ut alias nisi accusamus deleniti molestias facilis et soluta id aut reprehenderit.
cb2b279c-19a1-49ef-b47f-bc342a8c7fae	988201d6-d08f-4276-a14e-b4a1e556a53d	Kole_Deckow	695-273-8285 x92600	Marisol	Tavares	Treutel	1958-02-24	2	Omnis porro incidunt alias illum atque totam veritatis voluptas in rerum sit ab quis eligendi vitae atque porro aliquam excepturi et et natus aut voluptate pariatur dolores animi nihil impedit in dignissimos et eveniet sit qui at et repellat eaque corrupti fugiat iure atque laborum reiciendis architecto nisi unde illum.
cd45e23d-ecee-4c2b-95f6-ee357e5b8c9b	c54da6cd-1221-4147-ab17-0cd309e389e0	Cleora.Tremblay46	378-797-2087 x648	Alene	Carolyne	Lakin	1997-08-26	2	Quia totam nesciunt molestiae quas corrupti autem neque reiciendis commodi aspernatur cum et veritatis distinctio facilis et eos in distinctio quaerat dolores quas tempore excepturi sed nihil hic perferendis et non iure nulla voluptatibus aut et voluptatem voluptatum labore dolor sint ratione amet impedit ab fugit numquam numquam consectetur repellendus.
cf6228c4-4f7d-45f4-a49d-3b5e9cd85c64	0fbc3ba7-9a40-486d-8f7f-def74004317c	Julian97	(401) 293-9560 x80267	Myrl	Rhiannon	Schmitt	1998-12-28	0	Ut accusantium accusantium omnis recusandae et consequatur harum qui est quidem modi non ut veritatis enim omnis voluptas et fugit aperiam inventore nihil minima dolorum voluptas dolorem illo vitae quia quo magnam aut dolor eos vitae qui distinctio suscipit cupiditate atque delectus illo dolorem nihil velit est quidem atque est.
d0e23fb9-4596-463e-8578-c9acdcdb4c5f	97a977e7-ef81-4b31-9bd2-bd3c065dd17c	Reagan.Feest	1-212-804-0812 x9362	Zetta	Dovie	Roberts	2006-01-31	1	Tempore dolor laborum explicabo sint aspernatur optio placeat reiciendis voluptatum repellat eveniet quo vel adipisci magni labore architecto quibusdam voluptate qui aut et eligendi quis nesciunt rerum alias accusantium fugiat hic ipsum exercitationem beatae nisi iste doloremque quia et voluptatem cupiditate ea consequatur maxime cupiditate dolorum molestiae et ut voluptas.
d1372bba-be85-473c-8086-02a7c9890140	b6a46f96-c234-4a16-9417-cab2d8826b13	Jacky_Paucek	1-776-813-4937 x4477	Jesus	Jasper	Kutch	2006-08-31	0	Aut id voluptatum quidem minima numquam neque et aliquid qui quibusdam enim quos facilis rerum id nobis quia perspiciatis occaecati omnis ab voluptas dolorem nesciunt odio qui alias ex ducimus adipisci vero et qui vel recusandae totam natus soluta ut autem consequuntur laborum aut architecto fuga vitae dolorum in omnis.
d45e1cf5-dfbb-43c4-a614-a6aa2374c588	981b8729-a9e4-40c6-8056-a67972251f6e	Ressie.Brown	1-900-830-3780	Mylene	Raymundo	Braun	1989-06-07	1	Ullam alias minus cum libero accusantium fuga eius repellat voluptatum necessitatibus nobis deleniti cumque reiciendis dolorem molestiae tempore exercitationem eum dolore et aut voluptates magnam sint ut iusto quidem quo laborum occaecati et sit est dolorem quis sunt ea et id magni odio eligendi optio magnam nesciunt adipisci accusantium saepe.
d60eb1e2-73ff-44c0-b1a3-2ecf423bda46	505e9c6b-9476-4fa8-a047-c2e58e6e4399	Cameron15	938.639.1655 x54995	Khalid	Allan	Kiehn	1981-01-05	1	Et nobis nobis itaque ullam natus voluptatem nulla quisquam aliquid in iusto iste ullam consequatur occaecati dolore excepturi consequatur quia minima sapiente voluptates iure voluptatum qui qui sint et sunt alias laborum sed doloribus esse voluptatem cumque alias accusantium ut enim maiores necessitatibus autem sequi qui sequi hic non rem.
e00c9a01-ea24-48db-ac41-4d39c79f9321	20787148-8572-49d8-b47a-af278f91e43e	Georgette_Zulauf	1-476-318-2934	Americo	Jannie	Goyette	1937-11-21	1	Animi perspiciatis expedita libero natus pariatur molestias officiis quo sapiente excepturi ut eos id dolorem enim voluptas delectus repudiandae officia expedita voluptatem dolor impedit perspiciatis quaerat saepe dolor animi repellendus aut temporibus alias id qui fugit qui aliquid necessitatibus debitis possimus eaque recusandae odio distinctio porro possimus sint dolore enim.
e095bbae-68d2-4077-9036-697c526736d4	aea921e8-b5c7-4f97-a43e-afd464f25ec3	Schuyler_Kovacek	1-866-962-8967	Jackson	Cruz	Fahey	1933-11-10	2	Consequuntur eaque sint laborum illum qui maiores autem quo deleniti perspiciatis beatae at corporis necessitatibus atque animi voluptatem voluptatem excepturi dolorem qui eum magni voluptate ipsam praesentium officiis consequuntur est officiis autem ducimus eos rerum voluptatibus qui voluptatem deleniti ut autem nemo doloribus et veniam quis consectetur quia dolorem consectetur.
e21d9b47-d1bb-4c02-9704-acff338cf963	822e7907-b1f2-4062-9070-b8acb5c3b29b	Kari.Emmerich42	1-887-639-7485 x10380	Friedrich	Tyrell	Ward	1994-10-11	2	Error doloribus eveniet et aut id officia quaerat perspiciatis quam sint autem omnis nobis inventore quia est quidem laboriosam eaque molestias mollitia unde odio est fuga repudiandae quos est eum quisquam odit rerum suscipit explicabo minima quae cum officiis ipsum sunt commodi quas qui dolor mollitia sit aut eius totam.
e26df0b7-3c68-4669-8b16-e9a9a7f87e3b	b6a3426d-d4da-49e2-b18e-eb40caad3700	Rex55	1-638-729-1245 x3739	Kirstin	Dangelo	Russel	1946-01-20	0	Cumque eveniet animi aut consequatur quis est nesciunt cum et velit maiores sit tempore mollitia nihil eligendi distinctio in sint voluptas ratione mollitia ut libero aut neque dolorem nihil architecto qui et adipisci reprehenderit qui cum magnam expedita minus aut est autem in ea et aut ad qui quaerat blanditiis.
eb1b0535-b7f3-430e-b91c-c1feea653f5f	aceaafa5-c9cb-4369-891a-613943345ca9	Harry.Kuvalis	1-728-736-0990	Jody	Kendrick	Renner	1964-12-19	2	Consequuntur quasi unde aperiam et impedit nisi culpa illum placeat molestiae excepturi recusandae qui mollitia assumenda et quibusdam est qui et velit dicta aspernatur facilis vel porro commodi recusandae nostrum dolor quis numquam qui quas excepturi et voluptate ipsum commodi aliquam eligendi quis est perspiciatis quis molestias illum eius non.
eba19f8f-0936-45eb-88bc-9c83772a1d93	8c5bf892-39e3-4369-b889-a828b8278ddc	Ola_Maggio28	1-479-419-7745	Karina	Luisa	Davis	1935-02-22	0	Qui repellendus eligendi non quas harum voluptas illum impedit alias neque laboriosam aut consequatur in blanditiis rerum labore quia iusto blanditiis voluptas nisi adipisci eligendi deleniti reiciendis maxime odit magnam repellat consequatur molestias quia eius ut corrupti consequuntur ut quam qui delectus excepturi sunt minima eius sit molestias rerum dignissimos.
ed964db3-afac-426e-8988-c2ed54a89510	6319f404-3c93-4b0c-8671-411ad83c16df	Jerrod.Ebert3	714-461-8753 x701	Sean	Sylvester	Kris	1958-07-12	0	Vero aut omnis id harum fuga nesciunt perspiciatis soluta ut hic tempora velit non aspernatur illum praesentium autem eligendi deserunt quis molestiae vero iusto voluptates magnam veritatis possimus eum molestiae nihil culpa ratione voluptatem rerum quidem aperiam quis omnis animi minima et fugit beatae sit provident aliquid sit ipsum minus.
f015b253-2d06-44b2-8f52-1ae49c1a241c	dc15764e-3243-4597-a7ac-b83fb5054d08	Asa.Reilly61	413.938.2568 x04691	Earline	Marisa	Hills	1983-12-21	1	Nesciunt expedita aspernatur eveniet blanditiis facilis et est est sit totam tenetur rerum id ducimus repudiandae animi maxime omnis quibusdam voluptate fugiat voluptatem optio corrupti dolorum unde quia doloremque quis facere facere voluptatibus ea reiciendis aspernatur hic libero illum dicta culpa adipisci quis adipisci voluptatum quis minima debitis voluptates id.
f18bc355-4a5c-4012-89a6-0044e4bfe36f	8d7eb883-967f-47f7-8fe2-2f898a253886	Vincent_Rohan89	(302) 931-1979 x6808	Darrell	Everette	Graham	1926-02-06	0	Sunt ad beatae consequuntur perspiciatis reiciendis iusto velit et quasi sit nobis quam laudantium veritatis ea asperiores et dolorem fuga expedita quod dolor debitis ut repudiandae hic et beatae qui quos dolor aliquid qui omnis voluptatem ut deleniti ut omnis commodi inventore quaerat laboriosam assumenda alias dolores molestias non neque.
fa846317-fe54-4f52-b8d6-6a618387a5da	b56dfb50-cf66-498e-80b8-61876a9c4d92	Dayne6	570-657-6449 x135	Agnes	Louisa	Jenkins	1939-07-09	0	Commodi aut expedita ea qui et aut incidunt accusantium qui blanditiis vel temporibus nemo dolorem omnis non itaque numquam est explicabo aut exercitationem dolores fugiat culpa odio delectus odit omnis est exercitationem commodi laudantium voluptatibus repellat et qui consequuntur error dolores debitis laborum voluptatem dolore necessitatibus aut iure sint laboriosam.
fadd55dc-c457-41a6-9723-c259182f0035	365bf22b-e9ec-49b2-a509-ce91ecb12a36	Maverick_Upton42	507.508.9918	Davon	Merl	Herzog	1943-04-12	2	Nulla dicta voluptatibus amet ducimus rerum qui dicta qui sint voluptatem rem officiis eaque rerum eos eum praesentium rerum est ex et est et quis sit eaque ducimus reprehenderit dolor est ullam qui recusandae quia optio nihil et et dolore maxime eius dicta quod aspernatur ut repudiandae totam aut aperiam.
fe1e460d-16ac-4fcd-b512-2413b8cb3256	e79150a4-5947-4f5a-bda6-c9497b32d442	Tianna.Dooley	1-206-432-0677 x55538	Frances	Amelie	Ward	1933-08-06	1	Eveniet molestiae quis reiciendis est repellendus tempora et maiores repellat odit veniam enim reprehenderit ipsam distinctio reiciendis velit ab saepe sit molestiae recusandae magni eum laboriosam asperiores nihil nihil autem placeat nemo id aut laudantium et labore optio tempora et impedit ipsam quidem odio illo consequatur culpa sint ratione aspernatur.
\.

--
-- TOC entry 2855 (class 2606 OID 16564)
-- Name: page_profiles PK_page_profiles; Type: CONSTRAINT; Schema: public; Owner: infinitynetUser
--

ALTER TABLE ONLY public.page_profiles
    ADD CONSTRAINT "PK_page_profiles" PRIMARY KEY (id);


--
-- TOC entry 2853 (class 2606 OID 16556)
-- Name: profiles PK_profiles; Type: CONSTRAINT; Schema: public; Owner: infinitynetUser
--

ALTER TABLE ONLY public.profiles
    ADD CONSTRAINT "PK_profiles" PRIMARY KEY (id);


--
-- TOC entry 2859 (class 2606 OID 16577)
-- Name: user_profiles PK_user_profiles; Type: CONSTRAINT; Schema: public; Owner: infinitynetUser
--

ALTER TABLE ONLY public.user_profiles
    ADD CONSTRAINT "PK_user_profiles" PRIMARY KEY (id);


--
-- TOC entry 2856 (class 1259 OID 16583)
-- Name: IX_user_profiles_mobile_number; Type: INDEX; Schema: public; Owner: infinitynetUser
--

CREATE UNIQUE INDEX "IX_user_profiles_mobile_number" ON public.user_profiles USING btree (mobile_number);


--
-- TOC entry 2857 (class 1259 OID 16584)
-- Name: IX_user_profiles_username; Type: INDEX; Schema: public; Owner: infinitynetUser
--

CREATE UNIQUE INDEX "IX_user_profiles_username" ON public.user_profiles USING btree (username);


--
-- TOC entry 2860 (class 2606 OID 16565)
-- Name: page_profiles FK_page_profiles_profiles_id; Type: FK CONSTRAINT; Schema: public; Owner: infinitynetUser
--

ALTER TABLE ONLY public.page_profiles
    ADD CONSTRAINT "FK_page_profiles_profiles_id" FOREIGN KEY (id) REFERENCES public.profiles(id) ON DELETE CASCADE;


--
-- TOC entry 2861 (class 2606 OID 16578)
-- Name: user_profiles FK_user_profiles_profiles_id; Type: FK CONSTRAINT; Schema: public; Owner: infinitynetUser
--

ALTER TABLE ONLY public.user_profiles
    ADD CONSTRAINT "FK_user_profiles_profiles_id" FOREIGN KEY (id) REFERENCES public.profiles(id) ON DELETE CASCADE;


-- Completed on 2024-10-19 15:56:36 UTC

--
-- PostgreSQL database dump complete
--

