\c profile_service_db
--
-- PostgreSQL database dump
--

-- Dumped from database version 12.20 (Debian 12.20-1.pgdg110+1)
-- Dumped by pg_dump version 12.20

-- Started on 2024-10-29 07:55:46 UTC

SET statement_timeout = 0;
SET lock_timeout = 0;
SET idle_in_transaction_session_timeout = 0;
SET client_encoding = 'UTF8';
SET standard_conforming_strings = on;
SELECT pg_catalog.set_config('search_path', '', false);
SET check_function_bodies = false;
SET xmloption = content;
SET client_min_messages = warning;
SET row_security = off;

--
-- TOC entry 2 (class 3079 OID 16404)
-- Name: uuid-ossp; Type: EXTENSION; Schema: -; Owner: -
--

CREATE EXTENSION IF NOT EXISTS "uuid-ossp" WITH SCHEMA public;


--
-- TOC entry 2989 (class 0 OID 0)
-- Dependencies: 2
-- Name: EXTENSION "uuid-ossp"; Type: COMMENT; Schema: -; Owner: 
--

COMMENT ON EXTENSION "uuid-ossp" IS 'generate universally unique identifiers (UUIDs)';


SET default_tablespace = '';

SET default_table_access_method = heap;

--
-- TOC entry 204 (class 1259 OID 16741)
-- Name: page_profiles; Type: TABLE; Schema: public; Owner: infinitynetUser
--

CREATE TABLE public.page_profiles (
    id uuid NOT NULL,
    name character varying(100) NOT NULL,
    description text
);


ALTER TABLE public.page_profiles OWNER TO "infinitynetUser";

--
-- TOC entry 203 (class 1259 OID 16736)
-- Name: profiles; Type: TABLE; Schema: public; Owner: infinitynetUser
--

CREATE TABLE public.profiles (
    id uuid NOT NULL,
    account_id uuid NOT NULL,
    avatar_id uuid,
    cover_id uuid,
    mobile_number character varying(50) NOT NULL,
    type integer NOT NULL,
    status integer NOT NULL,
    created_by uuid,
    created_at timestamp without time zone NOT NULL,
    updated_by uuid,
    updated_at timestamp without time zone,
    deleted_by uuid,
    deleted_at timestamp without time zone,
    is_deleted boolean NOT NULL
);


ALTER TABLE public.profiles OWNER TO "infinitynetUser";

--
-- TOC entry 205 (class 1259 OID 16754)
-- Name: user_profiles; Type: TABLE; Schema: public; Owner: infinitynetUser
--

CREATE TABLE public.user_profiles (
    id uuid NOT NULL,
    username character varying(50) NOT NULL,
    first_name character varying(50) NOT NULL,
    middle_name character varying(50),
    last_name character varying(50) NOT NULL,
    birthdate date NOT NULL,
    gender integer NOT NULL,
    bio text
);


ALTER TABLE public.user_profiles OWNER TO "infinitynetUser";

--
-- TOC entry 2982 (class 0 OID 16741)
-- Dependencies: 204
-- Data for Name: page_profiles; Type: TABLE DATA; Schema: public; Owner: infinitynetUser
--

COPY public.page_profiles (id, name, description) FROM stdin;
0071acca-4e2d-42c6-b4f6-ff0732f69abc	D'Amore - Bogisich	Rerum aut omnis vitae ea incidunt rem possimus doloribus dolorum.
0606e5f3-ef6e-4fe2-b91e-18daf4067dc2	Aufderhar, Kutch and Grant	Quos debitis soluta nostrum quia inventore sit.
069906e5-53a8-4659-a495-234eb0669291	Balistreri Inc	Nulla incidunt ut cum laboriosam omnis veritatis eveniet voluptatibus adipisci.
0c849d13-0d0a-4b9a-aaf9-7cd6236debd5	Prohaska - White	Modi placeat est eos.
145cb805-3d60-4958-bd8b-3aae589ae8e3	Schulist - Feeney	Voluptate aspernatur sed placeat veritatis laboriosam voluptatem sunt suscipit consequatur.
1cc4a732-1c03-4616-ad21-8b00f6bc7879	Cassin - Harber	Est ad voluptatem aut.
2191adf0-d313-4591-98a3-18c5dcb81948	VonRueden Inc	Sed praesentium itaque doloremque eos.
25d71fb4-0e5b-4ce8-b6c2-07593403508c	Mosciski Inc	Deleniti autem omnis fugiat.
274ea837-a5c5-4baa-831b-6631e52fbede	Smitham - Hoeger	Sed repellat fugiat dolores.
27eee223-71f7-4158-9939-c844a422c371	Hilll LLC	Cum commodi magnam aut ut repellendus distinctio enim voluptas.
2bf8b752-a5a1-4951-b86e-7c5cf82b444f	Greenfelder - Padberg	Consectetur laborum quam voluptatem vel rerum perferendis voluptate.
307a3ec8-e61d-4c32-a59e-d8a0809655a1	Quigley - Hodkiewicz	Voluptas vel vitae voluptates sit vitae natus facilis qui.
31077cb7-af53-4eda-9b42-208c7730d2a5	McCullough - Stokes	Harum iste quam magnam.
316237d6-6fa8-4f4b-9a60-98287e186d9c	Schowalter, Steuber and Kub	Autem et rerum qui molestias.
329a687a-bb57-4793-98e2-30dbd9bbb0ac	Pfeffer - Schuster	Nihil odit architecto enim.
3327b490-df35-4104-b665-679e50713179	Kunze - Kuhn	Corporis impedit a similique dicta fugit voluptate nostrum tempora quo.
335b1d77-6cb9-45b4-ac2f-765315f8bbb3	Wehner - Stanton	Vel nesciunt et id odio necessitatibus.
38652ba2-249c-4103-8eea-4850020ed118	Murphy and Sons	Ipsa magnam voluptas facere omnis.
47574347-b4ee-4c01-b428-3ce917dc0344	Hane - Runolfsson	Quod molestiae omnis consequatur.
4a9c0603-0cce-4ecb-8b21-f340039bf21d	Corwin and Sons	Sit enim ea aut ea et.
4ab3dd5e-698b-4cac-8079-161e0ae7b258	Ziemann, Mosciski and Bednar	Ut qui et qui vitae.
4b5d870a-e613-4f36-95e1-d90bb4788cd0	Gleason - Adams	Dolorum molestiae unde sequi labore aut.
538ca467-e089-49b0-82ff-c818d91eefd1	Kertzmann LLC	Vero non soluta sunt sequi unde expedita.
53f9e82d-e649-416b-bcdf-8cee9e6b96bb	Olson, Romaguera and Lowe	Tempora amet tempora sunt.
57c233ab-20c4-41a6-bd6c-1cbaea117041	Considine - Klein	Aliquam officia mollitia aliquid et tempora a explicabo et.
6d8527fb-2ed8-4e3f-992f-2eb14f29f79f	Wehner, Jaskolski and Robel	Consequuntur laborum facere autem assumenda sed eos illo id.
6d873d90-704c-4c94-8df0-74818cf3666b	Beier, Gorczany and Pouros	Adipisci dolorum rerum nihil harum cum ut qui qui qui.
743d85ee-f852-4e7c-b059-27b1da6ba0a3	Hessel Group	Facere ut veritatis veniam eum sapiente qui dolore consequatur.
7669fff6-3053-4fd7-8fe7-839c1ca21bcb	Walter, Marquardt and Howe	Corrupti fuga eligendi fugit.
7b5ced26-b9dc-4deb-a1d2-753e3a0ca7e2	Hilpert - Hand	Molestiae sed hic architecto vero natus assumenda nostrum odit.
8d6c1739-f08e-45fe-98ae-56dc5acd5cb1	Greenfelder, Mohr and Stanton	Distinctio fugiat libero inventore.
8dab68cc-0ffa-4fa2-9c3f-c1f7a1167613	Toy - Bergnaum	Aliquam et aut et dolore nulla.
906ac4e8-f89f-4c5a-ba5c-24cd516d7417	Sipes - Bechtelar	Expedita ipsam voluptatem.
9494e4eb-01e2-4fc8-82dc-be0b232547dc	Von Inc	Natus harum a nemo numquam quo eos excepturi.
972196d7-338f-4fd6-972a-ec98b9262bf9	Hilpert, Russel and Schimmel	Dignissimos ea quam enim qui nemo provident dolores.
a4fb1c20-4fda-4c93-a810-c349e6f8684a	Leannon - Thompson	Nisi beatae sed sit facilis laborum et provident expedita quia.
a64f5f4e-1162-4ec2-9438-0ef8c96d4a5d	Schimmel - Becker	Tempore iure sed animi dolorem doloremque reprehenderit adipisci quas.
a6ae6ded-0c7f-4682-a4da-72d79a130dd6	Quigley LLC	Aut minima suscipit vero dolores et perspiciatis qui qui.
ae410588-b2eb-4f7c-a76d-7c933f1218cb	Marquardt LLC	Ut id quo libero labore quisquam fugiat aperiam.
b9dd7d39-461d-4c8d-9cfb-032c7b005862	Marks, Orn and Wolff	Saepe at eos ipsum quia quaerat fugit aliquam velit eaque.
bd201100-bfec-437e-9696-3a7c5ecbc9d1	Jacobson, Lang and Stiedemann	Enim esse et reprehenderit facere.
bfaa3914-f6da-4b3d-b4ec-916b38439e08	Hilpert and Sons	Eum ut dicta ad praesentium repudiandae ducimus consectetur.
d4d501ff-4eb4-43ff-b23e-a66b42f9c7f8	Schimmel, Wilkinson and Ebert	Aspernatur vel voluptatem.
da19b511-bb81-4953-adc0-2e874d1bb305	Simonis, Halvorson and Kling	Qui quia voluptatem aut odit magni.
db533d7f-e718-4200-916b-185c4b328eef	Hansen, Boyer and Johnson	Fugit aut dicta.
e9e2dda3-780b-4d76-8ed0-ecf80dff2c1b	Bayer Group	Eum dicta eum sequi sed maiores voluptate.
ee4c2177-94ee-42ef-aa92-b97169328b5d	Considine - Davis	Ut est quis expedita porro magni sit voluptatum id.
f09fa4cc-a087-40d5-a36a-37dbd3ae0a8a	Crist, Bashirian and Kerluke	Et quia et beatae facere minima et corrupti.
f596f011-c44a-4bee-82b5-3c48af943914	Ruecker Inc	Atque rem reprehenderit est.
f5c49b88-e8ee-4c91-909d-23e44c7dc695	Schroeder - Gislason	Minima placeat iure esse necessitatibus est sunt provident qui.
\.


--
-- TOC entry 2981 (class 0 OID 16736)
-- Dependencies: 203
-- Data for Name: profiles; Type: TABLE DATA; Schema: public; Owner: infinitynetUser
--

COPY public.profiles (id, account_id, avatar_id, cover_id, mobile_number, type, status, created_by, created_at, updated_by, updated_at, deleted_by, deleted_at, is_deleted) FROM stdin;
001b466d-90ee-4f3e-9cea-6f94f7b4c1d5	66f850ce-2d21-43f2-a250-4d4ecdc8f2b0	\N	\N	(285) 272-4065 x847	1	0	66f850ce-2d21-43f2-a250-4d4ecdc8f2b0	2024-10-29 14:53:34.132713	\N	\N	\N	\N	f
00c05513-4129-4aa6-b79e-983ff13574fc	319e8c19-7e11-481a-bb57-c3c239af2209	\N	\N	1-511-905-5232 x1625	1	0	319e8c19-7e11-481a-bb57-c3c239af2209	2024-10-29 14:53:34.132389	\N	\N	\N	\N	f
07f86036-511f-47d1-b7b7-4543b2eb3303	2e6c3e34-b264-45f0-a9e8-5d3ead7e11ca	\N	\N	1-938-487-6098 x724	1	0	2e6c3e34-b264-45f0-a9e8-5d3ead7e11ca	2024-10-29 14:53:34.132308	\N	\N	\N	\N	f
09f405ed-f0c6-422c-847f-0e24f7c74aef	b7fea93b-b368-4525-8fa3-cc0559c2447f	\N	\N	(306) 387-6047	1	0	b7fea93b-b368-4525-8fa3-cc0559c2447f	2024-10-29 14:53:34.133382	\N	\N	\N	\N	f
0b996fe8-4582-412b-adfb-6fa402c25bf4	ab6792ec-7e4d-4abf-9c1e-a315d97c422d	\N	\N	498.528.7918 x4984	1	0	ab6792ec-7e4d-4abf-9c1e-a315d97c422d	2024-10-29 14:53:34.133217	\N	\N	\N	\N	f
134e6153-f93b-4592-8bd7-ae30e9321017	dc2623fe-8a17-4340-abf9-d51a6e118efc	\N	\N	258-855-1675 x214	1	0	dc2623fe-8a17-4340-abf9-d51a6e118efc	2024-10-29 14:53:34.133807	\N	\N	\N	\N	f
13ba9424-00b3-40a6-92c8-a9426207a2d9	d723eed5-78a1-4fab-9c9d-08efced4b861	\N	\N	(277) 870-4927 x1121	1	0	d723eed5-78a1-4fab-9c9d-08efced4b861	2024-10-29 14:53:34.133711	\N	\N	\N	\N	f
143437a3-503e-4e95-911d-4c6571ddea8e	374675e8-3e0e-4a90-a8bb-b361657a072e	\N	\N	356.756.5751	1	0	374675e8-3e0e-4a90-a8bb-b361657a072e	2024-10-29 14:53:34.13242	\N	\N	\N	\N	f
14a6b1d0-f886-4f46-9166-a134668d16ab	5636c866-95c5-40c1-9fea-95267dbd8ee9	\N	\N	(250) 960-0679 x8422	1	0	5636c866-95c5-40c1-9fea-95267dbd8ee9	2024-10-29 14:53:34.132553	\N	\N	\N	\N	f
14baebc0-0189-423c-a14c-d62ffe981f63	f47d785f-5652-45b9-b1ed-9bfddf7807cd	\N	\N	532.470.8785 x7664	1	0	f47d785f-5652-45b9-b1ed-9bfddf7807cd	2024-10-29 14:53:34.133958	\N	\N	\N	\N	f
18e845d8-400b-4d12-a414-9cd440f92677	ecfbb998-043f-40d3-af8c-c0a0cf04f57b	\N	\N	1-522-653-8661 x064	1	0	ecfbb998-043f-40d3-af8c-c0a0cf04f57b	2024-10-29 14:53:34.133905	\N	\N	\N	\N	f
1bc4061b-cefd-44dc-89e8-57d1c4ad078a	aa61d4be-936a-46ea-8176-83e0c09fb5cf	\N	\N	956.834.2811	1	0	aa61d4be-936a-46ea-8176-83e0c09fb5cf	2024-10-29 14:53:34.133202	\N	\N	\N	\N	f
1cc85c40-c092-4bee-adeb-3dc17e304563	3d3cb675-d596-49aa-89af-61479d8c8e8d	\N	\N	1-950-394-0813 x67425	1	0	3d3cb675-d596-49aa-89af-61479d8c8e8d	2024-10-29 14:53:34.132456	\N	\N	\N	\N	f
1f981aae-f40b-4dba-b383-8853d87b23c5	f1a9c58e-5689-4c55-8ec1-54ec35d288bf	\N	\N	1-859-694-8753 x31201	1	0	f1a9c58e-5689-4c55-8ec1-54ec35d288bf	2024-10-29 14:53:34.133942	\N	\N	\N	\N	f
1faf9d72-1396-4e99-935d-547b226327c7	3054da29-a2e4-41b0-b7ac-9f3f4769e461	\N	\N	402.497.6844	1	0	3054da29-a2e4-41b0-b7ac-9f3f4769e461	2024-10-29 14:53:34.132372	\N	\N	\N	\N	f
20105f5a-82e0-4763-b12c-7a5ddc9abf83	d69d03da-d18a-4556-838f-0c9c4d81656d	\N	\N	213.288.1464 x82875	1	0	d69d03da-d18a-4556-838f-0c9c4d81656d	2024-10-29 14:53:34.133675	\N	\N	\N	\N	f
22e64c46-97c3-40a7-a4aa-4b11eb838446	e00a245f-4a75-4409-bf52-52b890381669	\N	\N	(364) 519-5203 x8664	1	0	e00a245f-4a75-4409-bf52-52b890381669	2024-10-29 14:53:34.133823	\N	\N	\N	\N	f
275ddc93-92b8-419a-ab96-baeb34d89c19	fcc71ccd-758e-4034-bf88-b482c5accb65	\N	\N	1-517-255-0673 x5075	1	0	fcc71ccd-758e-4034-bf88-b482c5accb65	2024-10-29 14:53:34.13406	\N	\N	\N	\N	f
27cf8d25-e68b-41e4-a2d2-245d2e9370e3	2f70e59a-3802-4f5c-a6ef-25b2cdde4f33	\N	\N	(528) 835-5923 x4313	1	0	2f70e59a-3802-4f5c-a6ef-25b2cdde4f33	2024-10-29 14:53:34.132323	\N	\N	\N	\N	f
28ffe509-f3c0-4d56-aeb4-8668f16da5d5	e7d2a4ad-4c9c-4900-89f8-6bbcdadd81ea	\N	\N	(381) 471-8118	1	0	e7d2a4ad-4c9c-4900-89f8-6bbcdadd81ea	2024-10-29 14:53:34.133888	\N	\N	\N	\N	f
2b1bcd4d-8082-4ae4-a601-6fab29cc8433	d827cd6e-7c6d-4b7d-b070-20492e078da5	\N	\N	(226) 402-3196	1	0	d827cd6e-7c6d-4b7d-b070-20492e078da5	2024-10-29 14:53:34.133746	\N	\N	\N	\N	f
2e6b7127-5e54-43eb-a21f-64c57143824d	26261306-88f5-4e8c-92fa-d96a825768d2	\N	\N	634-832-3054 x19978	1	0	26261306-88f5-4e8c-92fa-d96a825768d2	2024-10-29 14:53:34.132257	\N	\N	\N	\N	f
2eb2ae7e-b05a-45c8-83ef-a23717e17947	bcb42de0-64c2-4e11-890b-7b3de06d0924	\N	\N	579.697.9597 x911	1	0	bcb42de0-64c2-4e11-890b-7b3de06d0924	2024-10-29 14:53:34.133451	\N	\N	\N	\N	f
2fa772f8-0fa4-472b-a154-14cf794d50e2	2c230b5e-70ae-4dd0-98ce-503717219fea	\N	\N	826-519-8865	1	0	2c230b5e-70ae-4dd0-98ce-503717219fea	2024-10-29 14:53:34.13229	\N	\N	\N	\N	f
30d72372-2aee-46cd-ab7f-56dcaefe600c	9a6498c9-2787-4e17-851f-065ab6f9bc66	\N	\N	1-822-641-6840 x5166	1	0	9a6498c9-2787-4e17-851f-065ab6f9bc66	2024-10-29 14:53:34.133139	\N	\N	\N	\N	f
33725381-a183-49ef-b723-e70495ff6066	4ff132d5-7e7b-4b81-b068-de2f5108f640	\N	\N	(260) 296-0910 x323	1	0	4ff132d5-7e7b-4b81-b068-de2f5108f640	2024-10-29 14:53:34.132521	\N	\N	\N	\N	f
35d0da5e-7492-46d3-aaca-17455a353de9	80c16f07-671b-472d-be58-e5fd82bedce0	\N	\N	216-989-9208 x404	1	0	80c16f07-671b-472d-be58-e5fd82bedce0	2024-10-29 14:53:34.132885	\N	\N	\N	\N	f
3652e96a-9dc0-4f12-817c-1ca7f05807e6	2f7efcc1-14c0-4472-a742-1948dbea238f	\N	\N	(822) 749-5120	1	0	2f7efcc1-14c0-4472-a742-1948dbea238f	2024-10-29 14:53:34.132339	\N	\N	\N	\N	f
384d21de-6a0f-4c92-b0ef-540ff97079bc	750f454e-4ce5-4cd7-8153-d345999b233b	\N	\N	(418) 699-3108	1	0	750f454e-4ce5-4cd7-8153-d345999b233b	2024-10-29 14:53:34.132844	\N	\N	\N	\N	f
39ad1877-9e15-4498-88bb-ef6d617a23d2	7f003833-3d8a-4f3c-9c18-7986180847e4	\N	\N	(697) 993-2357 x6567	1	0	7f003833-3d8a-4f3c-9c18-7986180847e4	2024-10-29 14:53:34.132862	\N	\N	\N	\N	f
3d8be820-f83f-4579-b8e2-a8c4b5465d69	67bd2b8c-552a-4227-ab05-604f8f62a655	\N	\N	455.399.8710 x99569	1	0	67bd2b8c-552a-4227-ab05-604f8f62a655	2024-10-29 14:53:34.13273	\N	\N	\N	\N	f
3de591a5-c3e4-4ba1-b148-9973d7a8ac9e	3016ad78-7ee8-4015-85df-d0bb4636f142	\N	\N	606.628.0316 x47633	1	0	3016ad78-7ee8-4015-85df-d0bb4636f142	2024-10-29 14:53:34.132356	\N	\N	\N	\N	f
439c9800-35c9-48ee-8549-9c293a107743	da569c42-3e83-47d7-9205-a23c3e1e34f3	\N	\N	(864) 589-6868	1	0	da569c42-3e83-47d7-9205-a23c3e1e34f3	2024-10-29 14:53:34.133772	\N	\N	\N	\N	f
45370c44-1d4d-4834-8cd5-3551b5d30199	d34efe03-6baf-42df-8e7b-0418ac94c7f8	\N	\N	489-378-8714 x4947	1	0	d34efe03-6baf-42df-8e7b-0418ac94c7f8	2024-10-29 14:53:34.133648	\N	\N	\N	\N	f
4929722e-df51-411e-8c00-59955f7d8fd8	19852718-0f5f-49a9-906e-906e3deda21a	\N	\N	(308) 828-9116	1	0	19852718-0f5f-49a9-906e-906e3deda21a	2024-10-29 14:53:34.132186	\N	\N	\N	\N	f
49fa1298-7d26-4de1-b197-3005c3d03c0e	88ea9d8d-9bf0-40ed-a794-32835eac461a	\N	\N	676.726.8495	1	0	88ea9d8d-9bf0-40ed-a794-32835eac461a	2024-10-29 14:53:34.132949	\N	\N	\N	\N	f
50088da9-86e5-4781-be1e-f8b04a2554d0	906912ce-7b26-4c40-a026-d144fc5c8723	\N	\N	411.612.7670	1	0	906912ce-7b26-4c40-a026-d144fc5c8723	2024-10-29 14:53:34.133074	\N	\N	\N	\N	f
53453386-8816-485f-9a08-22c07cf29d22	9df8f4f1-1e5a-456d-8819-9584ff75446f	\N	\N	(246) 918-1633 x063	1	0	9df8f4f1-1e5a-456d-8819-9584ff75446f	2024-10-29 14:53:34.133155	\N	\N	\N	\N	f
58071bf0-1435-4f5f-a67c-f7f1ca0a74dc	6af636c4-96e4-4f9e-96a0-794dc6541dc3	\N	\N	509.919.9426 x4117	1	0	6af636c4-96e4-4f9e-96a0-794dc6541dc3	2024-10-29 14:53:34.13279	\N	\N	\N	\N	f
5b8a7a2a-53f6-4932-ae19-a3fcdea1b838	f99e97ca-a44a-4433-894f-3af63697fb2f	\N	\N	(973) 311-6942 x59652	1	0	f99e97ca-a44a-4433-894f-3af63697fb2f	2024-10-29 14:53:34.134024	\N	\N	\N	\N	f
5f55d75a-ca3a-4375-bdc4-afb591aef21d	aa223821-cdb2-4061-a4bc-55c2ef4f69d0	\N	\N	810-505-2142	1	0	aa223821-cdb2-4061-a4bc-55c2ef4f69d0	2024-10-29 14:53:34.133186	\N	\N	\N	\N	f
612e214e-4fe6-4b17-b9af-8b8b26bf180e	5960c661-acbe-40ae-8911-9ca1c668bb02	\N	\N	404-544-6238 x783	1	0	5960c661-acbe-40ae-8911-9ca1c668bb02	2024-10-29 14:53:34.132569	\N	\N	\N	\N	f
6700632c-6c3b-4d7e-81dd-8b2151b60502	6d48e156-8327-48d6-91d9-61ce20e3125b	\N	\N	308-841-0153	1	0	6d48e156-8327-48d6-91d9-61ce20e3125b	2024-10-29 14:53:34.13281	\N	\N	\N	\N	f
69940db4-d312-4a4e-b7a5-f5bbfd6ddee7	b94655f0-0941-4c62-b692-07ceec473e06	\N	\N	838-554-9681	1	0	b94655f0-0941-4c62-b692-07ceec473e06	2024-10-29 14:53:34.133399	\N	\N	\N	\N	f
6b8b0603-8e07-4181-92ec-ee13f0e768ce	41866800-c7ac-46ac-9cc8-a6190d3e47ce	\N	\N	279.468.3975 x002	1	0	41866800-c7ac-46ac-9cc8-a6190d3e47ce	2024-10-29 14:53:34.132473	\N	\N	\N	\N	f
6c1fa607-dced-475d-9ad2-1e8ede9071d2	29198ed7-c2be-46cd-a0ed-36bd6a05efbf	\N	\N	425.889.2284 x02911	1	0	29198ed7-c2be-46cd-a0ed-36bd6a05efbf	2024-10-29 14:53:34.132274	\N	\N	\N	\N	f
6e132241-d674-4195-b8c5-b6b4d320e3ce	60f90266-2cae-48bf-9396-e8395980e449	\N	\N	573-232-3273 x7710	1	0	60f90266-2cae-48bf-9396-e8395980e449	2024-10-29 14:53:34.132668	\N	\N	\N	\N	f
705391da-77b5-4f08-b176-301a5f1bbc0d	598ce1ed-f3e9-4bce-9c82-f3ee6b61cc1d	\N	\N	1-832-854-6541	1	0	598ce1ed-f3e9-4bce-9c82-f3ee6b61cc1d	2024-10-29 14:53:34.132587	\N	\N	\N	\N	f
72843603-7dc4-4405-92fa-9a7289ac9b66	8ad2ca44-ff48-483b-9606-83fab43d97d8	\N	\N	(366) 352-9370	1	0	8ad2ca44-ff48-483b-9606-83fab43d97d8	2024-10-29 14:53:34.132976	\N	\N	\N	\N	f
7374bc88-8afb-4236-9fa0-d75adad253a0	cc5755e6-f51c-45d4-b183-9821a5f92cc3	\N	\N	435-685-9548	1	0	cc5755e6-f51c-45d4-b183-9821a5f92cc3	2024-10-29 14:53:34.133545	\N	\N	\N	\N	f
74d9ea46-5729-454f-b994-8faee093ddef	ae722be5-bcc5-4822-b3a0-0a61b8a1f854	\N	\N	510.711.8831	1	0	ae722be5-bcc5-4822-b3a0-0a61b8a1f854	2024-10-29 14:53:34.133249	\N	\N	\N	\N	f
78532cb2-f350-4c98-bce2-e94afd8369c6	4bbe97ff-9028-4030-967e-34d7eae8f332	\N	\N	(910) 844-8972	1	0	4bbe97ff-9028-4030-967e-34d7eae8f332	2024-10-29 14:53:34.132505	\N	\N	\N	\N	f
7b42cb26-668a-4037-8ffc-68058704a460	a40b73ce-5582-4014-8057-3cf690643a4d	\N	\N	733.382.9836 x665	1	0	a40b73ce-5582-4014-8057-3cf690643a4d	2024-10-29 14:53:34.13317	\N	\N	\N	\N	f
83c97377-4790-4e12-9b61-c0456fe642b2	ca904e4a-c67e-4811-8630-55cbb215c585	\N	\N	(513) 713-8484	1	0	ca904e4a-c67e-4811-8630-55cbb215c585	2024-10-29 14:53:34.133529	\N	\N	\N	\N	f
84609dec-b050-496e-81be-301a1334919a	3abaecb3-ccee-4d77-8ca4-559e95866ff6	\N	\N	897-769-2705 x4385	1	0	3abaecb3-ccee-4d77-8ca4-559e95866ff6	2024-10-29 14:53:34.132436	\N	\N	\N	\N	f
8b92673a-ba81-4629-aea9-41444a46a0dc	bb373eb3-45a7-4f68-8ca5-fb1d24c546d0	\N	\N	1-412-477-5627 x290	1	0	bb373eb3-45a7-4f68-8ca5-fb1d24c546d0	2024-10-29 14:53:34.133415	\N	\N	\N	\N	f
8f722abd-0123-4494-b71c-a21943484a3c	afee2031-2add-4c5a-b960-f79ac7a80490	\N	\N	800-235-5249 x029	1	0	afee2031-2add-4c5a-b960-f79ac7a80490	2024-10-29 14:53:34.13328	\N	\N	\N	\N	f
92d0bb28-a2c9-476f-878f-c6ebe2f04e2c	f8c48d9c-5c29-4f8a-8b87-5c79a77b4bce	\N	\N	1-469-787-0781	1	0	f8c48d9c-5c29-4f8a-8b87-5c79a77b4bce	2024-10-29 14:53:34.133992	\N	\N	\N	\N	f
950ce7ba-2017-4ab9-bba2-2325f7d35ab6	f7654fc7-97eb-4c4f-a339-3d0fa4590de3	\N	\N	(597) 901-7872 x6760	1	0	f7654fc7-97eb-4c4f-a339-3d0fa4590de3	2024-10-29 14:53:34.133975	\N	\N	\N	\N	f
959b7d55-62bf-42c0-a313-33054551abb5	e6fb00e8-a0ee-460c-bb7d-e33e8189a780	\N	\N	(287) 561-4734 x3507	1	0	e6fb00e8-a0ee-460c-bb7d-e33e8189a780	2024-10-29 14:53:34.133856	\N	\N	\N	\N	f
9612f20e-6fce-4190-bc29-b31d7d3d9188	e641ea43-110f-49b7-b5b2-d115bbfd7168	\N	\N	944.529.3211	1	0	e641ea43-110f-49b7-b5b2-d115bbfd7168	2024-10-29 14:53:34.133839	\N	\N	\N	\N	f
962d9cdb-c2d9-48d4-9187-48db5ddadeb6	0afd67a8-9293-49d6-912a-9e89b50e12fb	\N	\N	1-994-855-6649 x867	1	0	0afd67a8-9293-49d6-912a-9e89b50e12fb	2024-10-29 14:53:34.129213	\N	\N	\N	\N	f
978e2b3f-9c26-41f0-b3c4-cba2e492767f	d220124c-a168-43b3-9668-83b91c086f48	\N	\N	408-268-5954	1	0	d220124c-a168-43b3-9668-83b91c086f48	2024-10-29 14:53:34.133608	\N	\N	\N	\N	f
9ca9bcee-c97f-4778-83f4-57fff49759d1	8febcf10-4332-4750-b0e8-3c64c7d204ad	\N	\N	514-297-9591	1	0	8febcf10-4332-4750-b0e8-3c64c7d204ad	2024-10-29 14:53:34.133053	\N	\N	\N	\N	f
9f64a38d-8cdd-4a21-a529-9747a9331998	bb4ae276-884d-48cb-83fa-8f5b86893088	\N	\N	906-743-4868 x083	1	0	bb4ae276-884d-48cb-83fa-8f5b86893088	2024-10-29 14:53:34.13343	\N	\N	\N	\N	f
a36a2bc3-e0e1-43e3-a499-2aec8284e23e	f8ebf6a1-45d5-4b39-a5fa-4c862867ee36	\N	\N	(302) 475-5736 x93315	1	0	f8ebf6a1-45d5-4b39-a5fa-4c862867ee36	2024-10-29 14:53:34.134008	\N	\N	\N	\N	f
a89b63eb-18ed-4f62-8e19-1d977f50a4b2	69914b7d-a41b-43ff-9419-b86ddc8d5cb1	\N	\N	433.862.9122 x1378	1	0	69914b7d-a41b-43ff-9419-b86ddc8d5cb1	2024-10-29 14:53:34.13277	\N	\N	\N	\N	f
ae5d22bf-3855-460b-a502-9747f35d6a34	f1423b81-e629-47f3-96fd-6fc76e094f58	\N	\N	388-642-9759	1	0	f1423b81-e629-47f3-96fd-6fc76e094f58	2024-10-29 14:53:34.133922	\N	\N	\N	\N	f
af93b51f-c8b9-4aac-ac95-57bb00c9c3da	b7594574-0d60-4ffa-b14d-5917c719889b	\N	\N	1-305-530-0858 x3101	1	0	b7594574-0d60-4ffa-b14d-5917c719889b	2024-10-29 14:53:34.133366	\N	\N	\N	\N	f
b0d1d45b-c71b-4578-8ac0-01c30b49131b	716b8355-1851-445e-b5c9-897643adf03a	\N	\N	924.566.8712 x5445	1	0	716b8355-1851-445e-b5c9-897643adf03a	2024-10-29 14:53:34.132828	\N	\N	\N	\N	f
b116c61a-f11d-46dc-b3dc-b66678e9fbb6	15d219ed-b4eb-46de-9f55-741dd7dcec62	\N	\N	301.332.2839	1	0	15d219ed-b4eb-46de-9f55-741dd7dcec62	2024-10-29 14:53:34.132168	\N	\N	\N	\N	f
b1469423-4113-490e-bcd6-b79a146c3f81	0ecdbfd7-a759-41de-81db-f550960f3f10	\N	\N	1-816-506-6193 x060	1	0	0ecdbfd7-a759-41de-81db-f550960f3f10	2024-10-29 14:53:34.13209	\N	\N	\N	\N	f
b3243d6a-7be2-4c83-8a89-dfd4a1976095	d1c01a0d-0e17-4451-9da0-0b4e6579636a	\N	\N	1-676-308-0485	1	0	d1c01a0d-0e17-4451-9da0-0b4e6579636a	2024-10-29 14:53:34.13358	\N	\N	\N	\N	f
b55f5bbd-4b95-448a-b38b-a1429002854b	48187f29-f9c6-431d-a0c3-86a6e54abeb4	\N	\N	508.687.7253	1	0	48187f29-f9c6-431d-a0c3-86a6e54abeb4	2024-10-29 14:53:34.132489	\N	\N	\N	\N	f
b6663ea1-57ec-4c3a-9597-da421b3c9484	1adf0cd2-ed45-4722-9875-898a54b06b0b	\N	\N	665.547.0739 x920	1	0	1adf0cd2-ed45-4722-9875-898a54b06b0b	2024-10-29 14:53:34.132202	\N	\N	\N	\N	f
b6d54f8d-b08c-4f88-9db9-00008875256f	120acdc1-8799-412b-8fc8-67addf841f25	\N	\N	867-911-1281 x5753	1	0	120acdc1-8799-412b-8fc8-67addf841f25	2024-10-29 14:53:34.132134	\N	\N	\N	\N	f
bb05cc9c-87a1-4d43-b253-d172e2117ff2	694020bc-a98b-4a12-93da-c9331c68619a	\N	\N	206.942.7943 x4661	1	0	694020bc-a98b-4a12-93da-c9331c68619a	2024-10-29 14:53:34.132752	\N	\N	\N	\N	f
bbfef7a3-6fc1-406a-b117-6a2bc70dd418	b43eaefa-d7cf-4efb-a815-c640a3f38f74	\N	\N	735.597.2749	1	0	b43eaefa-d7cf-4efb-a815-c640a3f38f74	2024-10-29 14:53:34.133296	\N	\N	\N	\N	f
be26aee1-0512-4e6a-8313-5c18759958a9	c0f9ff94-a28c-4e9c-a2c7-720aca11e966	\N	\N	218-665-0492 x919	1	0	c0f9ff94-a28c-4e9c-a2c7-720aca11e966	2024-10-29 14:53:34.133482	\N	\N	\N	\N	f
c2325fbe-7f7b-4d92-b73d-48d26e0c5047	8242c55f-d333-4a17-b709-18e5bc2cecc2	\N	\N	(548) 802-2461 x526	1	0	8242c55f-d333-4a17-b709-18e5bc2cecc2	2024-10-29 14:53:34.132932	\N	\N	\N	\N	f
c6d25490-d32a-410d-be77-5370cc1482a2	d776b5c6-c7ca-4d5a-9fd3-6d2828447425	\N	\N	308.770.9951	1	0	d776b5c6-c7ca-4d5a-9fd3-6d2828447425	2024-10-29 14:53:34.133728	\N	\N	\N	\N	f
cb2b279c-19a1-49ef-b47f-bc342a8c7fae	988201d6-d08f-4276-a14e-b4a1e556a53d	\N	\N	(860) 335-4592 x682	1	0	988201d6-d08f-4276-a14e-b4a1e556a53d	2024-10-29 14:53:34.133123	\N	\N	\N	\N	f
cd45e23d-ecee-4c2b-95f6-ee357e5b8c9b	c54da6cd-1221-4147-ab17-0cd309e389e0	\N	\N	356-279-4355 x348	1	0	c54da6cd-1221-4147-ab17-0cd309e389e0	2024-10-29 14:53:34.133512	\N	\N	\N	\N	f
cf6228c4-4f7d-45f4-a49d-3b5e9cd85c64	0fbc3ba7-9a40-486d-8f7f-def74004317c	\N	\N	531.455.4611	1	0	0fbc3ba7-9a40-486d-8f7f-def74004317c	2024-10-29 14:53:34.132116	\N	\N	\N	\N	f
d0e23fb9-4596-463e-8578-c9acdcdb4c5f	97a977e7-ef81-4b31-9bd2-bd3c065dd17c	\N	\N	406.574.8859 x5976	1	0	97a977e7-ef81-4b31-9bd2-bd3c065dd17c	2024-10-29 14:53:34.133091	\N	\N	\N	\N	f
d1372bba-be85-473c-8086-02a7c9890140	b6a46f96-c234-4a16-9417-cab2d8826b13	\N	\N	1-623-619-1386 x56963	1	0	b6a46f96-c234-4a16-9417-cab2d8826b13	2024-10-29 14:53:34.133349	\N	\N	\N	\N	f
d45e1cf5-dfbb-43c4-a614-a6aa2374c588	981b8729-a9e4-40c6-8056-a67972251f6e	\N	\N	886-957-8570 x63412	1	0	981b8729-a9e4-40c6-8056-a67972251f6e	2024-10-29 14:53:34.133107	\N	\N	\N	\N	f
d60eb1e2-73ff-44c0-b1a3-2ecf423bda46	505e9c6b-9476-4fa8-a047-c2e58e6e4399	\N	\N	363-487-5662	1	0	505e9c6b-9476-4fa8-a047-c2e58e6e4399	2024-10-29 14:53:34.132537	\N	\N	\N	\N	f
e00c9a01-ea24-48db-ac41-4d39c79f9321	20787148-8572-49d8-b47a-af278f91e43e	\N	\N	(424) 582-3842	1	0	20787148-8572-49d8-b47a-af278f91e43e	2024-10-29 14:53:34.132219	\N	\N	\N	\N	f
e095bbae-68d2-4077-9036-697c526736d4	aea921e8-b5c7-4f97-a43e-afd464f25ec3	\N	\N	348.822.6921 x8364	1	0	aea921e8-b5c7-4f97-a43e-afd464f25ec3	2024-10-29 14:53:34.133265	\N	\N	\N	\N	f
e21d9b47-d1bb-4c02-9704-acff338cf963	822e7907-b1f2-4062-9070-b8acb5c3b29b	\N	\N	617.768.2249	1	0	822e7907-b1f2-4062-9070-b8acb5c3b29b	2024-10-29 14:53:34.132914	\N	\N	\N	\N	f
e26df0b7-3c68-4669-8b16-e9a9a7f87e3b	b6a3426d-d4da-49e2-b18e-eb40caad3700	\N	\N	1-276-860-2530	1	0	b6a3426d-d4da-49e2-b18e-eb40caad3700	2024-10-29 14:53:34.133327	\N	\N	\N	\N	f
eb1b0535-b7f3-430e-b91c-c1feea653f5f	aceaafa5-c9cb-4369-891a-613943345ca9	\N	\N	322-693-9940	1	0	aceaafa5-c9cb-4369-891a-613943345ca9	2024-10-29 14:53:34.133233	\N	\N	\N	\N	f
eba19f8f-0936-45eb-88bc-9c83772a1d93	8c5bf892-39e3-4369-b889-a828b8278ddc	\N	\N	970-728-4232	1	0	8c5bf892-39e3-4369-b889-a828b8278ddc	2024-10-29 14:53:34.133019	\N	\N	\N	\N	f
ed964db3-afac-426e-8988-c2ed54a89510	6319f404-3c93-4b0c-8671-411ad83c16df	\N	\N	1-775-420-8276 x036	1	0	6319f404-3c93-4b0c-8671-411ad83c16df	2024-10-29 14:53:34.132694	\N	\N	\N	\N	f
f015b253-2d06-44b2-8f52-1ae49c1a241c	dc15764e-3243-4597-a7ac-b83fb5054d08	\N	\N	497-403-2501	1	0	dc15764e-3243-4597-a7ac-b83fb5054d08	2024-10-29 14:53:34.13379	\N	\N	\N	\N	f
f18bc355-4a5c-4012-89a6-0044e4bfe36f	8d7eb883-967f-47f7-8fe2-2f898a253886	\N	\N	406.752.0883 x0689	1	0	8d7eb883-967f-47f7-8fe2-2f898a253886	2024-10-29 14:53:34.133037	\N	\N	\N	\N	f
fa846317-fe54-4f52-b8d6-6a618387a5da	b56dfb50-cf66-498e-80b8-61876a9c4d92	\N	\N	1-676-977-1232 x538	1	0	b56dfb50-cf66-498e-80b8-61876a9c4d92	2024-10-29 14:53:34.133312	\N	\N	\N	\N	f
fadd55dc-c457-41a6-9723-c259182f0035	365bf22b-e9ec-49b2-a509-ce91ecb12a36	\N	\N	1-932-241-2566 x22672	1	0	365bf22b-e9ec-49b2-a509-ce91ecb12a36	2024-10-29 14:53:34.132404	\N	\N	\N	\N	f
fe1e460d-16ac-4fcd-b512-2413b8cb3256	e79150a4-5947-4f5a-bda6-c9497b32d442	\N	\N	542-943-8702	1	0	e79150a4-5947-4f5a-bda6-c9497b32d442	2024-10-29 14:53:34.133872	\N	\N	\N	\N	f
0071acca-4e2d-42c6-b4f6-ff0732f69abc	80c16f07-671b-472d-be58-e5fd82bedce0	\N	\N	561-645-3526	0	0	80c16f07-671b-472d-be58-e5fd82bedce0	2024-10-29 14:53:34.545841	\N	\N	\N	\N	f
0606e5f3-ef6e-4fe2-b91e-18daf4067dc2	41866800-c7ac-46ac-9cc8-a6190d3e47ce	\N	\N	481.423.6479	0	0	41866800-c7ac-46ac-9cc8-a6190d3e47ce	2024-10-29 14:53:34.546356	\N	\N	\N	\N	f
069906e5-53a8-4659-a495-234eb0669291	4bbe97ff-9028-4030-967e-34d7eae8f332	\N	\N	814.632.8301 x4246	0	0	4bbe97ff-9028-4030-967e-34d7eae8f332	2024-10-29 14:53:34.545857	\N	\N	\N	\N	f
0c849d13-0d0a-4b9a-aaf9-7cd6236debd5	716b8355-1851-445e-b5c9-897643adf03a	\N	\N	1-353-643-6153 x143	0	0	716b8355-1851-445e-b5c9-897643adf03a	2024-10-29 14:53:34.546232	\N	\N	\N	\N	f
145cb805-3d60-4958-bd8b-3aae589ae8e3	505e9c6b-9476-4fa8-a047-c2e58e6e4399	\N	\N	1-814-539-0745 x171	0	0	505e9c6b-9476-4fa8-a047-c2e58e6e4399	2024-10-29 14:53:34.545729	\N	\N	\N	\N	f
1cc4a732-1c03-4616-ad21-8b00f6bc7879	d69d03da-d18a-4556-838f-0c9c4d81656d	\N	\N	266-602-6070 x9903	0	0	d69d03da-d18a-4556-838f-0c9c4d81656d	2024-10-29 14:53:34.545944	\N	\N	\N	\N	f
2191adf0-d313-4591-98a3-18c5dcb81948	d220124c-a168-43b3-9668-83b91c086f48	\N	\N	353-706-7684 x30283	0	0	d220124c-a168-43b3-9668-83b91c086f48	2024-10-29 14:53:34.545746	\N	\N	\N	\N	f
25d71fb4-0e5b-4ce8-b6c2-07593403508c	e641ea43-110f-49b7-b5b2-d115bbfd7168	\N	\N	(391) 484-3045 x386	0	0	e641ea43-110f-49b7-b5b2-d115bbfd7168	2024-10-29 14:53:34.54631	\N	\N	\N	\N	f
274ea837-a5c5-4baa-831b-6631e52fbede	2e6c3e34-b264-45f0-a9e8-5d3ead7e11ca	\N	\N	825.546.7740 x5787	0	0	2e6c3e34-b264-45f0-a9e8-5d3ead7e11ca	2024-10-29 14:53:34.546101	\N	\N	\N	\N	f
27eee223-71f7-4158-9939-c844a422c371	ca904e4a-c67e-4811-8630-55cbb215c585	\N	\N	1-782-895-5937 x6562	0	0	ca904e4a-c67e-4811-8630-55cbb215c585	2024-10-29 14:53:34.546009	\N	\N	\N	\N	f
2bf8b752-a5a1-4951-b86e-7c5cf82b444f	2f7efcc1-14c0-4472-a742-1948dbea238f	\N	\N	707-565-9418	0	0	2f7efcc1-14c0-4472-a742-1948dbea238f	2024-10-29 14:53:34.546195	\N	\N	\N	\N	f
307a3ec8-e61d-4c32-a59e-d8a0809655a1	ca904e4a-c67e-4811-8630-55cbb215c585	\N	\N	1-621-656-6624	0	0	ca904e4a-c67e-4811-8630-55cbb215c585	2024-10-29 14:53:34.546372	\N	\N	\N	\N	f
31077cb7-af53-4eda-9b42-208c7730d2a5	8d7eb883-967f-47f7-8fe2-2f898a253886	\N	\N	1-606-901-0629 x6853	0	0	8d7eb883-967f-47f7-8fe2-2f898a253886	2024-10-29 14:53:34.546402	\N	\N	\N	\N	f
316237d6-6fa8-4f4b-9a60-98287e186d9c	6af636c4-96e4-4f9e-96a0-794dc6541dc3	\N	\N	597.468.4897	0	0	6af636c4-96e4-4f9e-96a0-794dc6541dc3	2024-10-29 14:53:34.545634	\N	\N	\N	\N	f
329a687a-bb57-4793-98e2-30dbd9bbb0ac	da569c42-3e83-47d7-9205-a23c3e1e34f3	\N	\N	472.213.6363	0	0	da569c42-3e83-47d7-9205-a23c3e1e34f3	2024-10-29 14:53:34.546263	\N	\N	\N	\N	f
3327b490-df35-4104-b665-679e50713179	8d7eb883-967f-47f7-8fe2-2f898a253886	\N	\N	542.786.5460 x6329	0	0	8d7eb883-967f-47f7-8fe2-2f898a253886	2024-10-29 14:53:34.545991	\N	\N	\N	\N	f
335b1d77-6cb9-45b4-ac2f-765315f8bbb3	750f454e-4ce5-4cd7-8153-d345999b233b	\N	\N	653.664.3823	0	0	750f454e-4ce5-4cd7-8153-d345999b233b	2024-10-29 14:53:34.545667	\N	\N	\N	\N	f
38652ba2-249c-4103-8eea-4850020ed118	7f003833-3d8a-4f3c-9c18-7986180847e4	\N	\N	742.875.9463	0	0	7f003833-3d8a-4f3c-9c18-7986180847e4	2024-10-29 14:53:34.546279	\N	\N	\N	\N	f
47574347-b4ee-4c01-b428-3ce917dc0344	598ce1ed-f3e9-4bce-9c82-f3ee6b61cc1d	\N	\N	(252) 537-8586 x53607	0	0	598ce1ed-f3e9-4bce-9c82-f3ee6b61cc1d	2024-10-29 14:53:34.545809	\N	\N	\N	\N	f
4a9c0603-0cce-4ecb-8b21-f340039bf21d	48187f29-f9c6-431d-a0c3-86a6e54abeb4	\N	\N	724.592.3028 x2746	0	0	48187f29-f9c6-431d-a0c3-86a6e54abeb4	2024-10-29 14:53:34.546387	\N	\N	\N	\N	f
4ab3dd5e-698b-4cac-8079-161e0ae7b258	8ad2ca44-ff48-483b-9606-83fab43d97d8	\N	\N	1-941-812-2930 x15180	0	0	8ad2ca44-ff48-483b-9606-83fab43d97d8	2024-10-29 14:53:34.545793	\N	\N	\N	\N	f
4b5d870a-e613-4f36-95e1-d90bb4788cd0	d34efe03-6baf-42df-8e7b-0418ac94c7f8	\N	\N	904-756-2994	0	0	d34efe03-6baf-42df-8e7b-0418ac94c7f8	2024-10-29 14:53:34.545826	\N	\N	\N	\N	f
538ca467-e089-49b0-82ff-c818d91eefd1	2f7efcc1-14c0-4472-a742-1948dbea238f	\N	\N	844.371.8473	0	0	2f7efcc1-14c0-4472-a742-1948dbea238f	2024-10-29 14:53:34.546341	\N	\N	\N	\N	f
53f9e82d-e649-416b-bcdf-8cee9e6b96bb	b6a3426d-d4da-49e2-b18e-eb40caad3700	\N	\N	679-360-9119	0	0	b6a3426d-d4da-49e2-b18e-eb40caad3700	2024-10-29 14:53:34.545896	\N	\N	\N	\N	f
57c233ab-20c4-41a6-bd6c-1cbaea117041	ecfbb998-043f-40d3-af8c-c0a0cf04f57b	\N	\N	(417) 361-9569	0	0	ecfbb998-043f-40d3-af8c-c0a0cf04f57b	2024-10-29 14:53:34.546056	\N	\N	\N	\N	f
6d8527fb-2ed8-4e3f-992f-2eb14f29f79f	69914b7d-a41b-43ff-9419-b86ddc8d5cb1	\N	\N	837-663-9334	0	0	69914b7d-a41b-43ff-9419-b86ddc8d5cb1	2024-10-29 14:53:34.546132	\N	\N	\N	\N	f
6d873d90-704c-4c94-8df0-74818cf3666b	88ea9d8d-9bf0-40ed-a794-32835eac461a	\N	\N	876-228-0875 x256	0	0	88ea9d8d-9bf0-40ed-a794-32835eac461a	2024-10-29 14:53:34.54596	\N	\N	\N	\N	f
743d85ee-f852-4e7c-b059-27b1da6ba0a3	d776b5c6-c7ca-4d5a-9fd3-6d2828447425	\N	\N	706-607-7373	0	0	d776b5c6-c7ca-4d5a-9fd3-6d2828447425	2024-10-29 14:53:34.546025	\N	\N	\N	\N	f
7669fff6-3053-4fd7-8fe7-839c1ca21bcb	4ff132d5-7e7b-4b81-b068-de2f5108f640	\N	\N	661-243-4138 x034	0	0	4ff132d5-7e7b-4b81-b068-de2f5108f640	2024-10-29 14:53:34.546247	\N	\N	\N	\N	f
7b5ced26-b9dc-4deb-a1d2-753e3a0ca7e2	c54da6cd-1221-4147-ab17-0cd309e389e0	\N	\N	513.537.4514	0	0	c54da6cd-1221-4147-ab17-0cd309e389e0	2024-10-29 14:53:34.545876	\N	\N	\N	\N	f
8d6c1739-f08e-45fe-98ae-56dc5acd5cb1	3054da29-a2e4-41b0-b7ac-9f3f4769e461	\N	\N	906.982.3647 x75234	0	0	3054da29-a2e4-41b0-b7ac-9f3f4769e461	2024-10-29 14:53:34.545682	\N	\N	\N	\N	f
8dab68cc-0ffa-4fa2-9c3f-c1f7a1167613	2e6c3e34-b264-45f0-a9e8-5d3ead7e11ca	\N	\N	(840) 543-9215 x331	0	0	2e6c3e34-b264-45f0-a9e8-5d3ead7e11ca	2024-10-29 14:53:34.545714	\N	\N	\N	\N	f
906ac4e8-f89f-4c5a-ba5c-24cd516d7417	120acdc1-8799-412b-8fc8-67addf841f25	\N	\N	1-706-712-4649 x90483	0	0	120acdc1-8799-412b-8fc8-67addf841f25	2024-10-29 14:53:34.545618	\N	\N	\N	\N	f
9494e4eb-01e2-4fc8-82dc-be0b232547dc	8c5bf892-39e3-4369-b889-a828b8278ddc	\N	\N	(906) 922-9359 x1033	0	0	8c5bf892-39e3-4369-b889-a828b8278ddc	2024-10-29 14:53:34.546216	\N	\N	\N	\N	f
972196d7-338f-4fd6-972a-ec98b9262bf9	97a977e7-ef81-4b31-9bd2-bd3c065dd17c	\N	\N	755.347.9231	0	0	97a977e7-ef81-4b31-9bd2-bd3c065dd17c	2024-10-29 14:53:34.545598	\N	\N	\N	\N	f
a4fb1c20-4fda-4c93-a810-c349e6f8684a	dc2623fe-8a17-4340-abf9-d51a6e118efc	\N	\N	1-450-654-4234 x43840	0	0	dc2623fe-8a17-4340-abf9-d51a6e118efc	2024-10-29 14:53:34.545761	\N	\N	\N	\N	f
a64f5f4e-1162-4ec2-9438-0ef8c96d4a5d	822e7907-b1f2-4062-9070-b8acb5c3b29b	\N	\N	1-551-429-2484 x2602	0	0	822e7907-b1f2-4062-9070-b8acb5c3b29b	2024-10-29 14:53:34.546179	\N	\N	\N	\N	f
a6ae6ded-0c7f-4682-a4da-72d79a130dd6	26261306-88f5-4e8c-92fa-d96a825768d2	\N	\N	1-460-708-4802	0	0	26261306-88f5-4e8c-92fa-d96a825768d2	2024-10-29 14:53:34.54604	\N	\N	\N	\N	f
ae410588-b2eb-4f7c-a76d-7c933f1218cb	f99e97ca-a44a-4433-894f-3af63697fb2f	\N	\N	602-882-4273	0	0	f99e97ca-a44a-4433-894f-3af63697fb2f	2024-10-29 14:53:34.546148	\N	\N	\N	\N	f
b9dd7d39-461d-4c8d-9cfb-032c7b005862	d776b5c6-c7ca-4d5a-9fd3-6d2828447425	\N	\N	1-414-577-2046 x3448	0	0	d776b5c6-c7ca-4d5a-9fd3-6d2828447425	2024-10-29 14:53:34.545929	\N	\N	\N	\N	f
bd201100-bfec-437e-9696-3a7c5ecbc9d1	365bf22b-e9ec-49b2-a509-ce91ecb12a36	\N	\N	809-634-7864 x486	0	0	365bf22b-e9ec-49b2-a509-ce91ecb12a36	2024-10-29 14:53:34.546294	\N	\N	\N	\N	f
bfaa3914-f6da-4b3d-b4ec-916b38439e08	69914b7d-a41b-43ff-9419-b86ddc8d5cb1	\N	\N	1-614-519-9532 x27073	0	0	69914b7d-a41b-43ff-9419-b86ddc8d5cb1	2024-10-29 14:53:34.545698	\N	\N	\N	\N	f
d4d501ff-4eb4-43ff-b23e-a66b42f9c7f8	19852718-0f5f-49a9-906e-906e3deda21a	\N	\N	1-758-206-9646	0	0	19852718-0f5f-49a9-906e-906e3deda21a	2024-10-29 14:53:34.545211	\N	\N	\N	\N	f
da19b511-bb81-4953-adc0-2e874d1bb305	15d219ed-b4eb-46de-9f55-741dd7dcec62	\N	\N	1-927-637-5307 x335	0	0	15d219ed-b4eb-46de-9f55-741dd7dcec62	2024-10-29 14:53:34.545976	\N	\N	\N	\N	f
db533d7f-e718-4200-916b-185c4b328eef	bb373eb3-45a7-4f68-8ca5-fb1d24c546d0	\N	\N	(486) 325-5530 x7065	0	0	bb373eb3-45a7-4f68-8ca5-fb1d24c546d0	2024-10-29 14:53:34.546117	\N	\N	\N	\N	f
e9e2dda3-780b-4d76-8ed0-ecf80dff2c1b	0fbc3ba7-9a40-486d-8f7f-def74004317c	\N	\N	424.976.4065 x12225	0	0	0fbc3ba7-9a40-486d-8f7f-def74004317c	2024-10-29 14:53:34.546325	\N	\N	\N	\N	f
ee4c2177-94ee-42ef-aa92-b97169328b5d	9df8f4f1-1e5a-456d-8819-9584ff75446f	\N	\N	(248) 365-9494 x2307	0	0	9df8f4f1-1e5a-456d-8819-9584ff75446f	2024-10-29 14:53:34.546163	\N	\N	\N	\N	f
f09fa4cc-a087-40d5-a36a-37dbd3ae0a8a	afee2031-2add-4c5a-b960-f79ac7a80490	\N	\N	254.443.1644 x5956	0	0	afee2031-2add-4c5a-b960-f79ac7a80490	2024-10-29 14:53:34.545912	\N	\N	\N	\N	f
f596f011-c44a-4bee-82b5-3c48af943914	b43eaefa-d7cf-4efb-a815-c640a3f38f74	\N	\N	1-434-542-6333 x7488	0	0	b43eaefa-d7cf-4efb-a815-c640a3f38f74	2024-10-29 14:53:34.545777	\N	\N	\N	\N	f
f5c49b88-e8ee-4c91-909d-23e44c7dc695	d34efe03-6baf-42df-8e7b-0418ac94c7f8	\N	\N	(386) 215-3139	0	0	d34efe03-6baf-42df-8e7b-0418ac94c7f8	2024-10-29 14:53:34.54565	\N	\N	\N	\N	f
\.


--
-- TOC entry 2983 (class 0 OID 16754)
-- Dependencies: 205
-- Data for Name: user_profiles; Type: TABLE DATA; Schema: public; Owner: infinitynetUser
--

COPY public.user_profiles (id, username, first_name, middle_name, last_name, birthdate, gender, bio) FROM stdin;
001b466d-90ee-4f3e-9cea-6f94f7b4c1d5	Nella82	Mariam	Reba	Kreiger	1957-05-05	1	Debitis nobis aspernatur sapiente et et laudantium repellendus rerum ea id iusto rerum et minima animi qui quis odio sed quos adipisci ut et voluptatibus beatae aut qui harum ducimus et asperiores aut perspiciatis quos reiciendis cumque libero unde nulla aut cum rem tempora sed est non nostrum quis est.
00c05513-4129-4aa6-b79e-983ff13574fc	Margie97	Shyann	Ardith	Quigley	1938-02-18	0	Quia accusamus et error saepe nesciunt quia ut beatae reprehenderit cupiditate eligendi placeat quis omnis vitae voluptas consequuntur quo maiores temporibus nemo error ut molestiae sit aut voluptatem dicta magni ex vel est laudantium nihil quam illum tempora in libero suscipit minus nulla debitis similique quae ratione dolore aliquid reprehenderit.
07f86036-511f-47d1-b7b7-4543b2eb3303	Laura_Hermann27	Leta	Jerad	Emmerich	1999-06-11	2	Voluptas dicta magnam autem numquam porro voluptatem quis perspiciatis molestias et voluptates est et et autem non aperiam modi id sequi hic eius expedita nisi qui iusto velit sed commodi consequuntur ad ex sit sed et iste dolorum reiciendis quisquam ex aliquid eius beatae autem qui iste doloribus excepturi officia.
09f405ed-f0c6-422c-847f-0e24f7c74aef	Blair_Padberg	Leone	Serena	Gleichner	1954-09-21	0	Sint accusantium reiciendis cumque culpa illum quidem velit soluta sint quam qui incidunt magnam at vitae ipsum occaecati rerum ullam laudantium voluptas sit qui explicabo iure asperiores est amet blanditiis illo maiores qui libero mollitia non accusamus quisquam sit dignissimos aperiam accusamus recusandae molestias repellendus quia aut corporis similique perferendis.
0b996fe8-4582-412b-adfb-6fa402c25bf4	Vicky_Cummerata	Dustin	Marianne	Fisher	1958-11-19	0	Minima facilis consectetur et aut voluptas quaerat quis ut unde deserunt quibusdam quasi quidem non alias ut deserunt consequatur quaerat similique officiis pariatur molestiae sit ad eaque et accusamus reprehenderit sed ipsam magni minima nisi itaque corporis esse necessitatibus neque enim et voluptas eos aspernatur veritatis id ullam enim et.
134e6153-f93b-4592-8bd7-ae30e9321017	Lea78	Megane	Joaquin	Kerluke	1931-11-17	2	Accusantium dolor dignissimos minus quam expedita qui cumque qui enim labore et voluptatem quaerat dolorum et est excepturi et ut natus accusamus nobis odio velit ipsum non a eos modi veniam magni distinctio sit perspiciatis illo sed rem laudantium molestiae ea nulla eum omnis ipsum molestias amet qui qui sint.
13ba9424-00b3-40a6-92c8-a9426207a2d9	Concepcion_Beer	Amanda	Raegan	Johnson	1991-07-26	0	Cumque quia maxime eum cupiditate aliquam qui voluptas iure tempore et voluptatum modi hic eum est repudiandae autem aut accusantium sed laudantium accusamus eius excepturi veritatis voluptate sequi corrupti quam perferendis amet ad et dolor tempore delectus consequatur doloremque harum omnis adipisci rem ullam qui libero ipsa est autem voluptas.
143437a3-503e-4e95-911d-4c6571ddea8e	Elyse_Purdy10	Jany	Estefania	Sauer	1927-02-22	2	Impedit iusto voluptates magni perferendis sit nulla quibusdam mollitia eaque exercitationem animi minima cupiditate accusamus dolor ducimus molestias et eum cum iste illum est sit et molestiae officia ea molestiae sed quia doloremque quia et magni non voluptatem voluptas expedita sed enim aut dolorem velit qui sapiente voluptatibus deleniti odit.
14a6b1d0-f886-4f46-9166-a134668d16ab	Lorena74	Zula	Myron	Reilly	1969-06-30	0	Similique ipsum porro temporibus totam aut eius numquam consectetur aliquid amet rerum inventore doloremque iusto voluptatibus maiores ea sunt labore natus omnis voluptatum unde voluptates est id est sed consequatur et repudiandae et dolor voluptas quasi omnis rem et nemo dolor voluptatibus dolores sunt incidunt itaque dolorum molestiae est ab.
14baebc0-0189-423c-a14c-d62ffe981f63	Moriah47	Octavia	Cortez	Metz	1985-10-31	2	Eos omnis ipsum quia facilis quis voluptas aut aliquid maiores quibusdam voluptatem officia pariatur possimus dolores ad et et nulla qui tenetur nesciunt veniam nulla nihil blanditiis molestias fugiat molestias quos aperiam in quod mollitia voluptatem odio eius eveniet delectus qui ipsam cumque esse alias optio repudiandae assumenda fuga fugiat.
18e845d8-400b-4d12-a414-9cd440f92677	Ladarius.Stiedemann11	Imogene	Dorcas	Kertzmann	1982-12-16	1	Nihil maiores ad hic porro et et debitis voluptatem commodi quam dolore qui illum ut quisquam rerum consequatur natus quis exercitationem consequuntur quod quasi porro iusto id quisquam cupiditate sint ab non vitae ea eum quam expedita ullam delectus dolorem non nobis dolor similique explicabo rerum mollitia ab possimus consequuntur.
1bc4061b-cefd-44dc-89e8-57d1c4ad078a	Julien_Pouros	Marvin	Tristin	Hartmann	1983-07-21	0	Facilis beatae accusamus fuga harum totam et et earum non dolorem voluptates nam id et enim quae deleniti architecto sint minima aliquid deserunt omnis ipsum officiis enim sint quidem veritatis aut consequatur quae fugiat vel exercitationem quisquam nulla libero deleniti itaque eaque facere accusamus debitis nobis totam quisquam est esse.
1cc85c40-c092-4bee-adeb-3dc17e304563	Rafaela24	Yazmin	Alford	Moen	1961-10-02	0	Ut nemo quibusdam debitis cum qui ad dolor ea voluptas ratione quod dolorum architecto quis quo dignissimos voluptatem veniam et dignissimos accusamus perspiciatis sunt dolorem sequi commodi suscipit ea doloremque in itaque et aut sunt unde sint totam totam ut qui iusto nihil aut placeat autem voluptatibus quo dicta molestiae.
1f981aae-f40b-4dba-b383-8853d87b23c5	Eudora.Mosciski	Judge	Amely	Koss	1997-02-28	2	Sapiente non sint et expedita aut eos tenetur est vero tenetur cupiditate aut autem ut harum deserunt est est aut a delectus praesentium totam quis maxime dignissimos nam et neque perferendis sunt et dignissimos praesentium tenetur qui voluptatem ut sapiente architecto et voluptatem quo ipsa eius cumque dicta qui vel.
1faf9d72-1396-4e99-935d-547b226327c7	Diego.Weimann	Kelsi	Isidro	Heller	2003-04-01	2	Amet qui dicta sapiente eius aliquam est nisi recusandae iure neque adipisci aspernatur nobis aspernatur est dicta quos error quaerat recusandae libero sit vel ut molestiae aliquam quis in et rerum dolore doloribus sint harum quia in consectetur est harum harum similique est ut molestias sed doloremque cumque autem vitae.
20105f5a-82e0-4763-b12c-7a5ddc9abf83	Green_Wilderman49	Miles	Madalyn	Schulist	1957-05-14	0	Magni non quia quas sint sint ullam et aut consequatur non modi voluptatem aut reprehenderit et eveniet quia qui perspiciatis est animi enim omnis tempore soluta voluptatem dolor a ut cum ex debitis earum id itaque et autem qui ea eaque suscipit exercitationem est rerum sit quae et delectus nulla.
22e64c46-97c3-40a7-a4aa-4b11eb838446	Jazlyn.Keeling64	Forest	Maci	Quigley	1927-08-10	2	Porro voluptatem quo necessitatibus aspernatur quod perspiciatis aut quam et id neque quia necessitatibus aliquam quas amet commodi qui eos omnis nobis nostrum maiores et aut sed perferendis inventore tempore veniam est et minus aut eveniet quos veniam aut ipsa non soluta dolore nihil est molestiae veniam sit molestiae et.
275ddc93-92b8-419a-ab96-baeb34d89c19	Bernita.Lang	Rubie	Lavern	Bayer	2003-09-29	1	Impedit tempora odio maxime non repudiandae tenetur qui eum ut tenetur nesciunt quis sunt atque corrupti sed architecto ut non impedit quia vitae debitis voluptas magni incidunt error sint alias nam iusto expedita vel alias totam natus mollitia est vel dicta nobis qui eum sint libero eos autem minus tempore.
27cf8d25-e68b-41e4-a2d2-245d2e9370e3	Stacy23	Mack	Jevon	Hettinger	1989-09-04	2	Dolores quo et optio laboriosam ut qui et corrupti exercitationem et mollitia aut animi consectetur natus sed ut tenetur qui et quasi dolores suscipit dignissimos consequatur aut quo at cupiditate reiciendis voluptatem cum odit dolor eos ad vel qui hic placeat perspiciatis minima pariatur quod nihil minima reiciendis culpa magni.
28ffe509-f3c0-4d56-aeb4-8668f16da5d5	Taryn.Schiller	Santiago	Mariah	Kunde	1997-04-05	2	Fugit id quos aut voluptatem dolor quo veniam dolore sunt qui deleniti ut aspernatur expedita non quia nulla tenetur modi tempora ut cum minus impedit amet esse consectetur consequuntur nesciunt a nemo autem cupiditate ex ut qui eos aut ex veritatis nihil rerum eos voluptatem eos laboriosam eos quae alias.
2b1bcd4d-8082-4ae4-a601-6fab29cc8433	Rose_Gleichner56	Cathy	Bernhard	Hoppe	1936-12-06	1	Ad tenetur consequuntur beatae sit fuga tempore quasi in perspiciatis aspernatur odio nihil alias quisquam quia sunt vel at optio autem temporibus id ea et amet vero aut ut esse est harum et qui sequi veritatis perspiciatis esse sequi debitis ut nesciunt impedit placeat omnis veritatis illum non necessitatibus error.
2e6b7127-5e54-43eb-a21f-64c57143824d	Quinten_Kshlerin	Vada	Alisha	Ruecker	1958-08-08	2	Laborum quas fugit adipisci est quidem ea et enim explicabo numquam vero officia eos sunt vel iusto sit dolores amet accusamus voluptates ut molestiae eaque non cupiditate blanditiis quis quibusdam debitis ea doloribus et aut vel quaerat quas eos qui nobis veritatis enim voluptates aut adipisci consequuntur est dolorem ut.
2eb2ae7e-b05a-45c8-83ef-a23717e17947	Lisa.Frami58	Madeline	Alena	Johnston	1958-09-27	1	Perferendis iure at qui enim est ipsam voluptates ipsum quam consequatur porro et commodi voluptatem laborum ut recusandae totam est ducimus tempora deleniti saepe voluptas recusandae nisi laudantium et omnis cumque voluptatibus quibusdam accusantium voluptatum quo eos molestias quibusdam perspiciatis consectetur rerum assumenda numquam omnis dolores quia in fugit alias.
2fa772f8-0fa4-472b-a154-14cf794d50e2	Jeramy_Kovacek1	Dallas	Marcos	Lemke	1927-12-09	1	Eos praesentium enim facere facere reprehenderit ipsa voluptates maiores eaque atque molestiae quidem aut iure aliquam quo vero et autem doloremque quis itaque molestiae quae et facere iure sed quisquam et unde veritatis excepturi numquam reiciendis qui labore dolores doloremque ut possimus ea error in non ab qui voluptatem molestiae.
30d72372-2aee-46cd-ab7f-56dcaefe600c	Alexane.Stroman	Makenna	Greyson	Bernier	1985-11-09	0	Molestiae consequatur quas voluptas voluptate quia nesciunt asperiores molestiae quos velit repellat dolores voluptatibus placeat modi a sit deleniti et cum enim sapiente rem ducimus asperiores quas alias sapiente aut rem sapiente cumque et quis impedit aperiam earum provident cumque doloribus vel illum vero modi facilis dolores tempore in voluptas.
33725381-a183-49ef-b723-e70495ff6066	Raul70	Audrey	Albin	Hane	1982-10-16	0	Cum ut ut veniam aut qui harum perspiciatis tempore possimus et rem earum asperiores rerum qui deserunt autem est quia omnis occaecati nesciunt qui eligendi officia ut eius omnis consequatur amet incidunt quia fuga placeat sunt aut occaecati natus in necessitatibus ut placeat doloremque qui harum commodi enim nesciunt esse.
35d0da5e-7492-46d3-aaca-17455a353de9	Leslie.Gibson52	Pamela	Ken	Yost	1975-06-10	0	Rem quaerat aut id consequuntur dignissimos deleniti quasi occaecati vel sit harum assumenda excepturi suscipit voluptatem ut totam voluptatem illum et nemo voluptatibus corporis cum ut explicabo accusantium optio perspiciatis ut veniam et accusantium ut sint ut esse quis facere dolor voluptate consequuntur magnam dicta explicabo voluptatem deserunt occaecati est.
3652e96a-9dc0-4f12-817c-1ca7f05807e6	Ilene_Weissnat	Abdullah	Omari	Mann	1947-01-07	2	Ut perspiciatis quisquam necessitatibus vero dolore ea nam velit aliquid labore earum aut quam eos et aut hic tempore porro minima ipsa excepturi neque quaerat eum et id voluptas sed officia id deleniti enim aut aliquam sequi nulla molestiae in consectetur nobis dolorem reiciendis et consequatur deleniti expedita corporis ut.
384d21de-6a0f-4c92-b0ef-540ff97079bc	Hilma.Bednar	Juwan	Maci	Schultz	1988-10-07	2	Et maiores qui rerum iusto saepe rerum vero quod veniam est excepturi quas rerum autem ea dolor aut voluptatem ducimus eius reiciendis vel molestiae voluptatum libero autem recusandae id similique voluptas quasi quod sint qui aut ut eius nesciunt voluptatum deserunt qui hic sunt ut vel officiis blanditiis non ut.
39ad1877-9e15-4498-88bb-ef6d617a23d2	Hector.Effertz33	Maryse	Felicita	Wuckert	1983-09-03	2	Veniam eum ratione magni pariatur magnam sit neque harum ea alias aut officia at possimus facilis sit magni sed sit voluptatem autem quae et enim qui rem at minima veritatis ipsum labore et quo quia accusantium atque expedita cupiditate asperiores dignissimos est id consequatur omnis voluptatem similique voluptas quis sed.
3d8be820-f83f-4579-b8e2-a8c4b5465d69	Vernon_Mosciski	Chyna	Jerrold	Abshire	2003-02-19	0	Voluptas ut id sint rerum voluptates eum dolores ad nostrum dicta et quia eligendi similique nihil rem excepturi dicta quis asperiores assumenda saepe velit qui eos doloremque optio aut delectus repudiandae nisi earum qui beatae asperiores doloremque dolorem tempora inventore est fugit totam qui corporis eaque quia perferendis qui et.
3de591a5-c3e4-4ba1-b148-9973d7a8ac9e	Cortney_Herman	Cedrick	Jaime	Ledner	1990-06-25	1	Ut et assumenda officiis nulla similique ullam ut sequi dolor aut sed eveniet facilis quia in ut nostrum beatae ea maxime animi sit ad et esse animi sed et et expedita qui vel et et nihil laborum eius non recusandae ratione et est earum velit ratione illo ab dicta aspernatur.
439c9800-35c9-48ee-8549-9c293a107743	Vivian_Christiansen49	Ruth	Sister	Leffler	1941-03-07	1	Cupiditate dicta et dolores dignissimos dolore at necessitatibus omnis odio animi nisi ut hic quis numquam eos nihil culpa vel labore quis suscipit soluta unde nulla enim ex porro nemo dolores est rerum nobis architecto voluptas id quasi corrupti numquam eveniet sint quidem autem et nulla quis eaque iure ullam.
45370c44-1d4d-4834-8cd5-3551b5d30199	Vida.Connelly	Drew	Lyric	Klein	1991-02-26	1	Eligendi possimus nesciunt aut non qui quo quia est non ad distinctio blanditiis nostrum non accusantium enim adipisci at voluptatibus cum quasi dignissimos accusantium et repudiandae voluptatum architecto error ducimus veritatis error reprehenderit ut repellendus fuga vero amet sit quibusdam nesciunt aliquam ipsam enim corporis repudiandae ullam esse vel reiciendis.
4929722e-df51-411e-8c00-59955f7d8fd8	Lola.Bayer19	Cassidy	Celia	Leannon	1936-12-16	2	Molestiae molestias unde dolor accusantium quo illum dolor quia vel dignissimos doloremque porro laboriosam quasi ipsam quod quo quas qui iusto quis iure facilis assumenda qui eligendi nemo officia atque similique molestiae non quas est esse deleniti ex nemo voluptatem quia iure voluptatibus eius asperiores et ut nam deserunt deserunt.
49fa1298-7d26-4de1-b197-3005c3d03c0e	Dayna.OKon9	Maureen	Jacinto	Senger	1978-11-12	2	Est eum reiciendis et sit quo deleniti libero provident quae quo ratione fugiat facilis blanditiis totam quam nisi iure totam molestias minima illum voluptatem corporis quaerat consequuntur rerum sint natus delectus repellendus saepe consequatur aperiam voluptatem necessitatibus tempore sit totam repudiandae voluptas mollitia ea vitae odit eum quas velit enim.
50088da9-86e5-4781-be1e-f8b04a2554d0	Lauretta_Denesik	Declan	Alfredo	Yundt	1933-01-22	1	Impedit delectus iure expedita eius et ex assumenda cupiditate ut provident illo expedita dolorum ratione cumque maxime et facere et quo sunt provident et voluptatem laudantium amet ut laudantium itaque est dolorem et eum totam aut rerum consequatur officiis ducimus sit similique repellendus et aliquid vel quidem inventore voluptate illo.
53453386-8816-485f-9a08-22c07cf29d22	Jovani.Raynor71	General	Marisa	Emmerich	1929-05-06	2	Sequi voluptate aut nihil et harum repudiandae eos quasi iure et ut reiciendis saepe nam voluptas quasi voluptas qui qui omnis culpa veritatis fugiat quia ullam commodi omnis voluptate culpa facere reiciendis rerum perferendis est dolor fugit laboriosam provident fugit natus earum aut nesciunt assumenda quae voluptatum iste eos velit.
58071bf0-1435-4f5f-a67c-f7f1ca0a74dc	Pedro_Nienow57	Jennyfer	Linwood	Deckow	1934-01-13	2	Sunt similique et ipsum cupiditate molestiae et molestiae omnis praesentium ut nobis veniam amet quia sed voluptatem iure delectus praesentium est voluptas ea sunt deserunt dolor assumenda et maiores facilis eos dolorem alias corrupti dolor est quidem fugit sed voluptatem et voluptatum vel eos eaque natus ut qui rerum impedit.
5b8a7a2a-53f6-4932-ae19-a3fcdea1b838	Otto.Schmitt	Fausto	Hardy	Rath	1995-03-12	1	Est pariatur iste doloremque aut ducimus facilis velit unde debitis provident omnis quia nisi iusto vel est similique adipisci suscipit soluta et praesentium aut deserunt velit sed ducimus tenetur hic repellendus et qui quod quam debitis quia temporibus nostrum exercitationem porro facilis reiciendis nihil quis molestiae nesciunt rerum nihil praesentium.
5f55d75a-ca3a-4375-bdc4-afb591aef21d	Jacinthe12	Tess	Jalon	Reynolds	1986-03-21	2	Corporis nemo dolores necessitatibus aut pariatur sint provident atque in atque consequuntur qui odit aut doloribus neque omnis culpa aliquid nihil culpa dicta consequatur voluptatem perspiciatis autem dolores est odio neque consequatur voluptatum voluptatem vel quae reiciendis aut et mollitia sed voluptate aut quia sapiente hic molestias et nihil et.
612e214e-4fe6-4b17-b9af-8b8b26bf180e	Russ_Brown71	Nicola	Kelton	Stracke	1992-03-20	2	A consequatur omnis quisquam nesciunt corrupti incidunt iure sapiente blanditiis dignissimos quos esse aut placeat at atque sed rerum rerum laboriosam iste aliquid velit sed ut qui veritatis et reprehenderit nam aperiam et temporibus amet labore corporis sit dicta molestiae aperiam aspernatur qui et vero nihil ducimus eos est perspiciatis.
6700632c-6c3b-4d7e-81dd-8b2151b60502	Lola42	Pamela	Verna	Donnelly	1940-01-16	0	Non exercitationem molestias odio quaerat voluptatem commodi dolorem et officia a quidem accusantium distinctio aut est possimus in ut sint et accusamus est et sunt laudantium id voluptates atque sit nihil et doloribus consequatur illo enim aliquam corrupti architecto aliquam voluptate eos aut ratione autem fuga ad dignissimos dolor eveniet.
69940db4-d312-4a4e-b7a5-f5bbfd6ddee7	Mossie_Rau	Kariane	Misty	Hilpert	1968-03-16	2	Sit atque cupiditate amet neque qui laborum repudiandae non quasi veritatis dicta incidunt voluptatum ut veritatis expedita velit eum et eum nobis aut nam natus consequatur fugit eius numquam distinctio vel eum fugiat earum exercitationem suscipit iusto aut ut quas consequatur quis aperiam eligendi blanditiis magni et ratione dignissimos ut.
6b8b0603-8e07-4181-92ec-ee13f0e768ce	Mathilde.Wehner	Rachel	Ewald	Stark	1961-02-25	1	Accusantium hic veritatis facere unde quia aspernatur tempora omnis dolores fugiat fugit aperiam harum ad adipisci cupiditate magnam aspernatur recusandae delectus quod occaecati porro qui deserunt non autem veritatis magnam vitae autem saepe beatae veniam quibusdam nulla aut eaque suscipit voluptatem consectetur accusantium corporis sint dicta sint ullam labore rerum.
6c1fa607-dced-475d-9ad2-1e8ede9071d2	Carey_McLaughlin	Jakob	Nellie	Roob	1945-06-22	1	Accusantium et voluptatem velit omnis impedit fugiat et quasi magnam fugiat sed odio exercitationem cupiditate animi officia laudantium cumque aperiam quo odio et explicabo nesciunt et voluptatem eum dolorem quod accusantium magni adipisci neque dolorem voluptatum saepe placeat asperiores nesciunt numquam commodi voluptatem cumque recusandae ullam nihil similique debitis et.
6e132241-d674-4195-b8c5-b6b4d320e3ce	Freeman81	Ryan	Cedrick	Halvorson	1961-07-19	2	Voluptatem quasi quisquam quos nostrum nulla accusamus soluta dignissimos voluptatem aut dolorem officia voluptas doloribus et occaecati ut aliquam modi ratione laborum officiis maiores dolorem voluptatum corporis ipsa ut tempora eius sunt voluptatem totam aut eaque consequuntur qui laboriosam nihil numquam nihil qui quae corporis sed perspiciatis quibusdam esse reprehenderit.
705391da-77b5-4f08-b176-301a5f1bbc0d	Dahlia_Kuphal	Sonny	Marquise	Considine	1960-09-10	2	Et assumenda voluptatem itaque commodi dignissimos libero dolores maxime dolor quia amet est nesciunt qui illo esse et nulla dolorum modi dolores non numquam et ut qui commodi sit amet aliquam voluptatem commodi velit vero vitae id reprehenderit dolorem eius repellendus nostrum et et rerum commodi maiores eaque illo quia.
72843603-7dc4-4405-92fa-9a7289ac9b66	Kyle58	Nicolette	Elbert	Bechtelar	1960-07-03	2	At sit omnis perferendis error cum suscipit dignissimos impedit voluptas suscipit veritatis aut aliquid nobis velit fugit neque sit assumenda eum deleniti voluptatem consequatur cupiditate nulla sit sit magnam maxime expedita repellendus aliquid temporibus id quas reprehenderit error accusamus enim esse magni quae rerum harum similique eos eius dolore rerum.
7374bc88-8afb-4236-9fa0-d75adad253a0	Braxton_McGlynn53	Keara	Dallas	Beatty	1995-06-08	0	Asperiores et ea ab rerum eligendi minima laboriosam praesentium eius dolorum neque dolorum debitis omnis repellendus et ea ipsum doloremque ut est dolor deleniti ipsam animi deserunt aliquid quod quibusdam rerum incidunt blanditiis corrupti necessitatibus nisi ut sunt ut voluptates aut necessitatibus et qui enim ad minus aut fuga laudantium.
74d9ea46-5729-454f-b994-8faee093ddef	Katherine61	Enola	Turner	Parisian	1979-07-15	1	Qui ducimus aut saepe nisi voluptates voluptate veritatis magni explicabo dignissimos atque voluptatem sapiente non laborum enim ipsam est atque quo temporibus et velit dolores similique consectetur non iste ipsa autem nulla totam sint itaque perspiciatis sunt consequatur fugit rerum ducimus occaecati aut non mollitia beatae veniam id animi libero.
78532cb2-f350-4c98-bce2-e94afd8369c6	Valerie.Kozey	Camilla	Douglas	Grimes	1935-11-11	2	Aut aut rerum nihil fugiat consequatur sed libero placeat ut voluptatem asperiores sed fuga nesciunt doloremque dolorem exercitationem sapiente laborum rem perspiciatis ut accusamus fugit et consequatur molestiae recusandae porro ut excepturi nisi perferendis consequatur qui sequi commodi earum sit nulla nesciunt doloribus est saepe officiis sit error eos ut.
7b42cb26-668a-4037-8ffc-68058704a460	Vergie52	Ben	Judy	Pollich	1929-01-06	1	Aut sed reiciendis dolor ut culpa cum qui officiis eos quae qui suscipit voluptas enim voluptate perferendis et cum sit quam quia sapiente sapiente dolores quis autem et nostrum aperiam facilis hic debitis ut aut facere et quam voluptatibus omnis accusamus eum consequatur non voluptas expedita magni et sapiente dolor.
83c97377-4790-4e12-9b61-c0456fe642b2	Quinn.Predovic	Deon	Ali	Spencer	1929-10-21	0	Aut delectus ad praesentium et rerum soluta quae autem numquam aut consequuntur deleniti iste deleniti minima deleniti omnis harum voluptatem vitae unde quia et eum sed vero et sit alias iure porro deleniti officia consequuntur in blanditiis voluptas excepturi quia eum corrupti eligendi mollitia voluptatum minus praesentium velit cupiditate itaque.
84609dec-b050-496e-81be-301a1334919a	Jo43	Kara	Greyson	Russel	1947-04-01	0	Quia perspiciatis nisi dolorem enim vitae possimus dolores qui quo quia aut sed fugit eligendi quae iusto beatae nobis accusamus laudantium iusto vero qui et corrupti repudiandae placeat eligendi voluptatibus iure aut tempore dicta qui vitae non eligendi nostrum enim sapiente velit velit omnis id ut a necessitatibus et autem.
8b92673a-ba81-4629-aea9-41444a46a0dc	Geo13	Ronny	Velda	Crooks	1934-06-18	2	Et nobis est eveniet ut omnis perferendis soluta omnis libero eligendi dolorem veritatis maxime molestiae voluptate dicta quidem sed minus reprehenderit et modi quo velit veniam quisquam totam commodi voluptatibus blanditiis ipsa ullam et nesciunt voluptatum est eum voluptate odit voluptatem id repellat dignissimos dolore odit consequatur molestiae totam est.
8f722abd-0123-4494-b71c-a21943484a3c	Anthony85	Brando	Nettie	Quitzon	1949-11-23	0	Est et sed et aliquam est nulla dolores et accusantium vel amet minima nobis molestiae neque tempora nobis similique odit rem saepe et aliquid voluptatum ut rem illum necessitatibus modi eos aliquid ut fugiat sint consequatur ea ad debitis est adipisci ipsa voluptatem tempore commodi quas sunt voluptatem qui cupiditate.
92d0bb28-a2c9-476f-878f-c6ebe2f04e2c	Eduardo66	Lucius	Johnpaul	Braun	1985-02-18	2	Architecto modi eveniet tempora aut sit labore magnam voluptatem consequatur debitis voluptas provident itaque nesciunt iusto vel quia adipisci similique quae omnis quos qui exercitationem fugiat ducimus sequi aperiam facilis quia porro et debitis earum quis maxime quia et non facilis sit maiores quia ut harum dolores animi a sequi.
950ce7ba-2017-4ab9-bba2-2325f7d35ab6	Marguerite42	Queen	Guiseppe	Haag	1931-02-25	1	Est facilis est amet inventore qui dolores et nemo amet delectus hic vel ab dignissimos quia saepe distinctio provident rerum ex saepe et distinctio reiciendis quisquam provident soluta est corporis ea enim quis iure est et eos dolores error quod fuga eligendi omnis qui dolores numquam inventore voluptas adipisci et.
959b7d55-62bf-42c0-a313-33054551abb5	Delilah78	Eugenia	Joanne	Jast	1954-11-25	2	Eos eum consequatur ut et corrupti debitis beatae ipsum repudiandae et repellat itaque ut repellendus atque delectus rem facilis quod aut hic eius unde ea molestiae in sed quo ut sed est qui qui rerum sit reiciendis dignissimos autem odio reiciendis ducimus nisi atque praesentium hic deleniti aut necessitatibus quasi.
9612f20e-6fce-4190-bc29-b31d7d3d9188	Tyrell38	Cortez	Brendon	Littel	1992-06-05	2	Repudiandae voluptatem sed earum minima delectus nesciunt nostrum non laboriosam delectus rerum eum quidem placeat qui porro vero provident ut sequi doloribus architecto est est quas inventore delectus laudantium consequatur occaecati nemo minus nobis voluptates inventore et beatae distinctio cumque officia magnam magni occaecati eos quos laboriosam nesciunt sed nostrum.
962d9cdb-c2d9-48d4-9187-48db5ddadeb6	Erica.Bogan	Diamond	Oral	Koelpin	1958-01-07	1	Voluptatibus suscipit blanditiis enim nihil aperiam est ut veritatis sed ipsa at repellat eum illum pariatur rerum sequi ut molestias expedita dignissimos omnis dolor dolores dolores recusandae reprehenderit accusamus ut qui perspiciatis nisi consequatur harum iste rem placeat exercitationem voluptatem sint cupiditate dolores et voluptas voluptatem repudiandae praesentium et eius.
978e2b3f-9c26-41f0-b3c4-cba2e492767f	Jessika_Cassin	Fernando	Bettye	McCullough	1927-02-04	1	Omnis voluptatem accusantium sint iure non aliquam fuga tempora odit officia adipisci nobis rerum id blanditiis saepe aut quae deserunt molestiae aut eligendi commodi amet rerum quia mollitia sit aliquid dolorem eos sint voluptatem eaque assumenda corporis laudantium dolore provident et in exercitationem numquam consequatur sint qui quo repellat et.
9ca9bcee-c97f-4778-83f4-57fff49759d1	Damien_Wiza	Zora	Hilbert	Schmeler	1934-04-03	2	Iusto expedita ratione laudantium cum quidem soluta dicta suscipit nihil rerum aliquid veniam est molestias sit illo ut temporibus facere molestiae illum necessitatibus qui magni natus molestiae perferendis eveniet vitae quod rem suscipit et sed tenetur labore autem sunt dignissimos molestias quia libero laboriosam sint rerum sed dolores facere omnis.
9f64a38d-8cdd-4a21-a529-9747a9331998	Frida46	Ernest	Rosa	Barton	1991-05-19	1	Sed beatae ipsum inventore nostrum id aut quae commodi consequatur voluptas eum aliquam expedita minima quia voluptatem est corrupti molestiae repellendus aut molestiae animi et dolores minus est labore est ea sint dolor impedit eos facere voluptas voluptate sapiente quis et aperiam deleniti quas sequi quas id in iure aperiam.
a36a2bc3-e0e1-43e3-a499-2aec8284e23e	Lorena69	Leo	Eunice	Schmitt	1951-12-29	2	Rerum quos adipisci quam aspernatur cumque aspernatur debitis et dolores reiciendis dolor et et aliquam totam ipsum non sunt voluptatem saepe iusto quisquam maxime repellat perferendis qui repellendus rerum velit in vitae tempora iure cupiditate aut perspiciatis ut quia praesentium harum voluptatum veniam consequatur similique et blanditiis ducimus dolores vero.
a89b63eb-18ed-4f62-8e19-1d977f50a4b2	Talon.Lowe38	Shaun	Helga	Fay	2004-01-27	0	Dolorem sed quis blanditiis incidunt exercitationem eos rerum beatae earum ipsam iure saepe dolor quae quisquam maiores aut dolore repudiandae sint hic quidem laborum ullam sit nobis aliquid rerum eos fugiat voluptatem totam blanditiis qui aut architecto odio id neque qui fugiat aspernatur laborum consectetur architecto eveniet sit nihil voluptatibus.
ae5d22bf-3855-460b-a502-9747f35d6a34	Sally.Batz75	Aimee	Maegan	Senger	1949-10-05	2	Nobis quos quae pariatur vel labore velit et et suscipit quia perferendis deleniti nobis nesciunt corrupti aut in tenetur enim qui ipsam et voluptatem nisi qui est iste saepe et quis aut quia laudantium saepe perferendis expedita omnis est corrupti saepe dolorum ullam qui enim velit quisquam id perferendis voluptatem.
af93b51f-c8b9-4aac-ac95-57bb00c9c3da	Presley84	Benedict	Jewell	Lehner	1998-12-29	2	Magnam voluptas consequatur aspernatur quos quia eius tempore perspiciatis quis et quia vel impedit et qui neque asperiores doloribus neque est ut accusamus sit dolorum aliquam quia distinctio qui enim voluptatem maxime mollitia voluptatem praesentium quod sit voluptatum est nulla quia sunt cumque beatae modi pariatur repellat doloremque explicabo et.
b0d1d45b-c71b-4578-8ac0-01c30b49131b	Jerod.Frami	Ole	Ellis	Kilback	1995-01-14	1	Qui id repellendus quis velit et quidem eos architecto quis quod amet cum quasi inventore neque id aut numquam doloribus quia sint excepturi quod consequuntur tempore soluta est cum repudiandae provident consequatur magnam aut veritatis neque dicta aut voluptates ipsam suscipit dicta ipsam nihil quod ad illum eius similique fuga.
b116c61a-f11d-46dc-b3dc-b66678e9fbb6	Zella.Nicolas15	Dario	Lucy	Borer	1955-07-28	2	Exercitationem ut doloribus exercitationem et et temporibus quia iure officia sed et nisi veritatis reprehenderit consequatur consectetur nulla et maiores sapiente debitis quis nihil veritatis necessitatibus exercitationem dolorum sit repellat eligendi nobis id suscipit eos quisquam cum perferendis facere voluptates omnis aut tenetur et autem quo enim sapiente et repellendus.
b1469423-4113-490e-bcd6-b79a146c3f81	Antonina68	Chet	Myrna	Little	1944-07-31	0	Quas voluptatem optio ut accusamus ut minus quisquam corrupti quia voluptas consequatur recusandae at impedit dolores fuga quo vitae labore maxime ut placeat laboriosam libero cum praesentium sed ex nemo fugit iste consequatur illo sint iusto dolores qui doloribus enim doloremque rerum nihil exercitationem cumque nostrum optio enim illo velit.
b3243d6a-7be2-4c83-8a89-dfd4a1976095	Alphonso.Friesen	Marjory	Marion	Renner	1951-04-03	1	Accusantium totam minus numquam ducimus odio accusantium aspernatur voluptatum quasi possimus ut vel dolore pariatur adipisci et vel dolorem delectus laborum non perspiciatis enim inventore voluptates nobis accusamus laborum nemo modi quidem ratione vel ut mollitia omnis quis et dolorem minima eveniet ut inventore explicabo modi perferendis magni at qui.
b55f5bbd-4b95-448a-b38b-a1429002854b	Gudrun94	Edwardo	Salvatore	Bergstrom	1993-07-14	2	Adipisci est voluptas est non consequatur soluta et modi omnis molestias aspernatur rerum culpa veniam quo earum animi nulla et culpa rerum voluptatem est ut dolor voluptatem praesentium non sint pariatur officiis dolor facilis nam omnis labore minus cumque dolores cupiditate quia beatae officiis ex quis et dolorum non eius.
b6663ea1-57ec-4c3a-9597-da421b3c9484	Melisa_Schroeder9	Lindsey	Lucinda	Hilll	1971-05-13	2	Culpa eligendi molestias eum in velit perferendis aut qui blanditiis tempore quo repellat totam rerum explicabo et consequatur animi enim vitae atque at cumque voluptas sequi et qui sit voluptate maiores et cumque omnis et numquam architecto amet nihil est natus qui libero numquam magni aut qui odit est ut.
b6d54f8d-b08c-4f88-9db9-00008875256f	Whitney56	Clair	Carlie	Crooks	1979-11-26	0	Enim voluptatem deserunt tenetur sint consequatur ea sed cumque ratione est hic temporibus deleniti vero sit voluptatem voluptatum sit sunt ullam sed mollitia est aut facilis quia quae et maiores labore aspernatur tempora architecto sapiente ad deserunt repellendus occaecati perferendis et rerum amet cupiditate nobis velit voluptatum eligendi temporibus accusantium.
bb05cc9c-87a1-4d43-b253-d172e2117ff2	Myrl73	Emmie	Maybelle	Rice	1997-08-01	2	Et numquam eos ducimus totam et vel sit nobis sit velit distinctio necessitatibus ducimus possimus omnis molestias officiis nulla magni blanditiis sed aut autem praesentium nam ut non temporibus ducimus impedit quia et accusamus repudiandae est accusantium quibusdam et autem dolorem quidem unde facilis labore quas recusandae incidunt omnis facere.
bbfef7a3-6fc1-406a-b117-6a2bc70dd418	Luciano_Watsica	Cheyanne	Lempi	Boyle	1964-11-27	2	Aut sint enim est quidem alias vero aliquid voluptatem sequi et pariatur quis quod repellat corrupti accusantium aspernatur atque delectus vel est qui ipsum et eveniet aut harum vel ut qui dolorem aut consequatur maxime adipisci maiores rerum maiores est repellat ea dolorum laudantium tempore qui odit ipsum labore rem.
be26aee1-0512-4e6a-8313-5c18759958a9	George18	Zachariah	Katelyn	Witting	1967-03-13	1	Non omnis eos nobis vel ut voluptatem tempora doloribus quibusdam earum explicabo est est provident laudantium non hic sit nemo nemo earum hic temporibus dolores ex excepturi et facilis eum fugiat vel qui debitis consequuntur dolor nostrum nisi saepe adipisci esse sequi tempora labore enim eum quia similique est placeat.
c2325fbe-7f7b-4d92-b73d-48d26e0c5047	Cecilia.Nikolaus3	Osbaldo	Hayley	Upton	1994-10-13	0	Omnis corrupti aut tenetur soluta aut mollitia quo delectus qui necessitatibus nam magnam laudantium accusamus voluptas qui aut modi incidunt molestiae dolorum nam quos omnis eum quia aut commodi qui nam fugiat magni consequatur assumenda repudiandae delectus voluptatem et eligendi culpa aliquam doloremque impedit nemo illum dolores molestias amet omnis.
c6d25490-d32a-410d-be77-5370cc1482a2	Boyd5	Meredith	Selmer	Wolff	1960-06-23	0	Non quia neque nihil doloremque voluptas vel ipsam odit sed cum dolore inventore dolore quisquam velit eos quas ab sint voluptatem nihil et non quasi architecto voluptatum sunt qui est et velit quae facere sapiente cupiditate quia dolores in rerum est laudantium officia explicabo quidem saepe non officiis delectus qui.
cb2b279c-19a1-49ef-b47f-bc342a8c7fae	Zola.Sporer54	Madilyn	Orin	Hamill	1929-07-27	0	Repellat quam eos explicabo quis iste voluptatum fugiat autem similique est ab sit reiciendis molestias vitae consequatur provident commodi itaque repellat ut nihil accusamus officia ad quos eum dolores consequatur quibusdam explicabo eum itaque et explicabo et quam nobis sint reiciendis quidem aut laborum nihil aliquid officiis et fugit harum.
cd45e23d-ecee-4c2b-95f6-ee357e5b8c9b	Alene.Gleichner	Reginald	Winnifred	Kilback	1970-05-03	1	Rerum vel eos non et distinctio minus inventore facilis sapiente possimus eligendi voluptates dolor voluptates sint error ut tempore facere tempore quibusdam et quo repellat eveniet et natus necessitatibus voluptatem assumenda eos provident et quibusdam aliquam natus quisquam quo nobis suscipit aliquam culpa expedita eaque saepe qui sed ipsum sint.
cf6228c4-4f7d-45f4-a49d-3b5e9cd85c64	Friedrich74	Rita	Clotilde	Donnelly	1929-06-19	1	Rerum autem et voluptas eum excepturi et ex iste nesciunt qui similique maxime provident recusandae cumque voluptate possimus error qui quisquam quaerat dolore ducimus voluptas magni dolorum culpa et rerum ab vel consequuntur ut omnis voluptatem nulla amet enim culpa eum in officiis quia eligendi libero est et inventore adipisci.
d0e23fb9-4596-463e-8578-c9acdcdb4c5f	Darrell_Sauer57	Elliott	Alyce	Shields	1949-02-06	2	Non quia laboriosam accusamus aut quod voluptas et quam ullam accusamus assumenda rerum corporis veniam repellendus consequatur eos libero quia ullam quo aut consequatur placeat sit quibusdam alias consequatur ut et et et nihil officiis ipsum quisquam aliquam neque nostrum exercitationem voluptatibus id et et expedita non molestias omnis ut.
d1372bba-be85-473c-8086-02a7c9890140	Mekhi47	Nestor	Herman	Dietrich	1935-05-05	2	Ad illum et maiores sit officia maxime amet enim numquam commodi culpa error tempore aliquam dolores ut et est vitae quia provident iure fugit non mollitia eos earum eos cum id quas accusamus cupiditate voluptatibus doloribus veritatis dicta tenetur voluptate fuga commodi ducimus error voluptatem amet et consequatur occaecati sunt.
d45e1cf5-dfbb-43c4-a614-a6aa2374c588	Gussie.Mayert	Trudie	Lavada	Reynolds	1976-05-11	0	Enim rerum inventore dolorem perspiciatis nihil voluptate ipsum amet aspernatur dolores ipsum dolorum accusantium distinctio non quae voluptatibus est minima expedita et cum id voluptatum amet odio quia odit non eaque ex in ad beatae dolor adipisci laborum doloribus quia deserunt amet veniam voluptatem et qui non eum eos delectus.
d60eb1e2-73ff-44c0-b1a3-2ecf423bda46	Darrin54	Dwight	Jamar	Gottlieb	1938-01-13	0	Eius quia enim ut provident nisi incidunt rerum aspernatur minima itaque saepe nesciunt architecto voluptatem assumenda et eum possimus qui animi rerum culpa debitis assumenda minima distinctio voluptatum maxime quisquam aut dolor deserunt soluta aperiam nihil corrupti dolorem commodi sapiente ipsa et consequatur voluptatem ipsam libero repellat quibusdam sunt sapiente.
e00c9a01-ea24-48db-ac41-4d39c79f9321	Arvel56	Henry	Audie	West	1954-07-31	0	Vel voluptates veritatis et totam vel aut voluptatem odit adipisci nam officiis saepe aut animi dolorem odit est facilis eius reiciendis illo velit rerum magnam modi repellat nulla minus ea doloremque vitae laborum nisi iure quae delectus modi sed ea aliquid ut non tempora accusamus sit distinctio eius veritatis provident.
e095bbae-68d2-4077-9036-697c526736d4	Andrew_Rohan	Perry	Krista	Parker	1988-03-17	1	Vel placeat nihil magnam provident mollitia corrupti molestiae et omnis non ut expedita nihil et voluptatum ex quia qui voluptate eligendi assumenda ea aut nulla et explicabo omnis necessitatibus optio et non omnis deleniti magnam eum labore qui numquam molestiae nesciunt iste consequatur asperiores voluptas in eum libero dolore deleniti.
e21d9b47-d1bb-4c02-9704-acff338cf963	Felipe.Fisher	Claude	Sierra	Green	1982-07-06	2	Corrupti repellendus labore ut et rerum nostrum quaerat ut eius et distinctio dolores ex laudantium necessitatibus enim omnis non est aliquid error sint nesciunt amet officia ut perferendis qui voluptatibus architecto autem rem consectetur ut voluptatem doloribus vel quisquam praesentium quia eius reiciendis aut ut exercitationem sunt eum qui et.
e26df0b7-3c68-4669-8b16-e9a9a7f87e3b	Emmitt87	Roselyn	Phyllis	Orn	1977-09-01	1	Tempore at nobis ut eum voluptas ut assumenda et nulla reprehenderit aliquam repudiandae minima et aut nemo mollitia eveniet et sed aut sit facere non tempora commodi temporibus deserunt quia eaque debitis molestias eum fugit quibusdam minima voluptas iusto nostrum saepe asperiores cumque aut perspiciatis et eius rem aut consequatur.
eb1b0535-b7f3-430e-b91c-c1feea653f5f	Dakota.Hermiston	Amalia	Raleigh	Medhurst	1941-06-21	2	Tempora ut impedit inventore neque optio quod enim alias nihil magnam maiores nam rerum ut quo fugiat quia nemo ipsum rerum quod libero quo optio cum aut voluptatem in sunt sed vitae fugiat debitis ipsa exercitationem architecto id perspiciatis occaecati qui enim est deleniti facilis numquam id porro accusantium incidunt.
eba19f8f-0936-45eb-88bc-9c83772a1d93	Zakary1	Kolby	Sammie	Boehm	1926-11-20	0	Sed voluptatibus ut illo accusantium debitis id et aut eum eligendi accusantium minus aspernatur voluptatem veritatis quos ea nisi ab dolorem sequi voluptas voluptatem non delectus sit doloremque illo culpa rerum et voluptatem optio dolorem explicabo blanditiis eveniet repellendus quia et nemo nostrum et beatae similique doloremque dignissimos perspiciatis unde.
ed964db3-afac-426e-8988-c2ed54a89510	Trevion_Lubowitz	Clementina	Chaz	Vandervort	1970-12-21	2	Illo facere odio sunt et quibusdam voluptatibus totam explicabo nemo qui soluta doloribus velit ut cupiditate illo dolorem necessitatibus cumque accusantium rerum molestiae in sequi nesciunt rerum facere eos nihil voluptatem voluptates voluptatum dolores temporibus eaque consequuntur quod iusto eos quia ut sed qui non voluptas rem numquam ut dolorem.
f015b253-2d06-44b2-8f52-1ae49c1a241c	Ellis_Runolfsdottir	Bret	Gerson	McGlynn	1927-05-24	2	Qui et cumque possimus nobis sunt qui maxime quasi et debitis recusandae aut assumenda magnam harum delectus sed rerum veritatis et excepturi magnam repellat ex pariatur error quisquam cupiditate dolores sit occaecati veniam voluptatem quia ut delectus ex dolore omnis qui aut debitis incidunt vel velit rerum odit nisi magni.
f18bc355-4a5c-4012-89a6-0044e4bfe36f	Anne.Lebsack50	Dean	Kaya	Bayer	1974-05-25	1	Tenetur maxime amet consectetur nisi perferendis recusandae ut perspiciatis ut odit expedita est ut eum quidem ut quia minima magnam consequatur ut ea id velit ex suscipit aut temporibus quo et assumenda qui sed sapiente dolore exercitationem culpa doloremque suscipit ad accusamus cumque ipsum tenetur aut natus vel praesentium qui.
fa846317-fe54-4f52-b8d6-6a618387a5da	Aurelio.Schuster	Stacy	Marilou	Kirlin	1949-07-20	0	Voluptatem et nihil ratione dolorem molestias dolorum ut rem eligendi quia in qui praesentium fugiat facilis aperiam odit reiciendis nulla debitis aut ut sit aut rerum laboriosam amet perspiciatis doloremque quis nihil ipsa facere officiis molestiae officia sapiente et aliquam pariatur eum autem qui consequatur blanditiis alias dolor nobis vel.
fadd55dc-c457-41a6-9723-c259182f0035	Vernie_Medhurst96	Marina	Gilda	Predovic	1939-10-08	0	Blanditiis cumque voluptatum odio quia aut quia sunt quia quasi numquam porro ut provident accusamus nulla dolore quasi laudantium alias aut et similique possimus id nisi sit ea ut amet quam qui et perspiciatis temporibus quo qui officia nam et illum quae iusto quisquam iste non ut provident beatae ad.
fe1e460d-16ac-4fcd-b512-2413b8cb3256	Rey_Okuneva	Ethelyn	Alexie	Larson	1930-07-17	0	Velit laboriosam fugiat debitis laudantium expedita nulla labore aut et odit ab laboriosam temporibus deleniti id exercitationem possimus facere ab tempore voluptatibus explicabo magnam ad facere cum velit repellat consequatur dolores enim rerum earum saepe vel iste magni cupiditate iure animi recusandae quia aut et temporibus maxime et reiciendis et.
\.


--
-- TOC entry 2849 (class 2606 OID 16748)
-- Name: page_profiles PK_page_profiles; Type: CONSTRAINT; Schema: public; Owner: infinitynetUser
--

ALTER TABLE ONLY public.page_profiles
    ADD CONSTRAINT "PK_page_profiles" PRIMARY KEY (id);


--
-- TOC entry 2847 (class 2606 OID 16740)
-- Name: profiles PK_profiles; Type: CONSTRAINT; Schema: public; Owner: infinitynetUser
--

ALTER TABLE ONLY public.profiles
    ADD CONSTRAINT "PK_profiles" PRIMARY KEY (id);


--
-- TOC entry 2852 (class 2606 OID 16761)
-- Name: user_profiles PK_user_profiles; Type: CONSTRAINT; Schema: public; Owner: infinitynetUser
--

ALTER TABLE ONLY public.user_profiles
    ADD CONSTRAINT "PK_user_profiles" PRIMARY KEY (id);


--
-- TOC entry 2850 (class 1259 OID 16767)
-- Name: IX_user_profiles_username; Type: INDEX; Schema: public; Owner: infinitynetUser
--

CREATE UNIQUE INDEX "IX_user_profiles_username" ON public.user_profiles USING btree (username);


--
-- TOC entry 2853 (class 2606 OID 16749)
-- Name: page_profiles FK_page_profiles_profiles_id; Type: FK CONSTRAINT; Schema: public; Owner: infinitynetUser
--

ALTER TABLE ONLY public.page_profiles
    ADD CONSTRAINT "FK_page_profiles_profiles_id" FOREIGN KEY (id) REFERENCES public.profiles(id) ON DELETE CASCADE;


--
-- TOC entry 2854 (class 2606 OID 16762)
-- Name: user_profiles FK_user_profiles_profiles_id; Type: FK CONSTRAINT; Schema: public; Owner: infinitynetUser
--

ALTER TABLE ONLY public.user_profiles
    ADD CONSTRAINT "FK_user_profiles_profiles_id" FOREIGN KEY (id) REFERENCES public.profiles(id) ON DELETE CASCADE;


-- Completed on 2024-10-29 07:55:46 UTC

--
-- PostgreSQL database dump complete
--

